ID_Compte,ID_Client,Type,Solde,Date_Creation
65f63bd6-48bf-4cd8-804b-d080d1a15ee9,f96b8d23-9b75-4257-b7c2-d256dbaa891d,Compte epargne,7484,2021-10-13
a3d51f06-f521-4c3b-b060-16f8f9fcf729,fd4463f6-315b-4e5b-b8d7-f64fa2aaffe2,Compte cheques,7866,2023-03-13
87a91130-809d-4731-9abb-a23e88e8670f,dddfe9c7-0d2b-418c-9907-bf6a6491ad2a,Compte epargne,9578,2021-10-10
4842091e-c23a-4fdb-8af3-ef04112f7ac1,cb64d8ae-1840-42ed-b795-c6b37db729cc,Compte de depot a vue,5275,2023-11-26
a19a0a41-3e2e-4938-b673-a25e3ac65124,59f26be8-b9a6-453c-8fbe-656b6cc6bf74,Compte cheques,1172,2022-01-01
6812806f-1aac-4242-81ca-e13fa2c2ad7d,4f20b75e-3184-4223-9c45-f50f3469049f,Compte courant,4459,2023-10-22
7a499cd5-d410-4ca2-b6a7-d8e1d5e90221,4ee77dfe-b091-4f95-bbdb-15a43ce2a12e,Compte a terme,6732,2023-09-29
675c291f-e3bc-4230-8262-c18a4c814bdc,37bb042d-3430-4727-beb5-39d58ed4eceb,Compte courant,3086,2023-12-02
0eb096cb-a73d-44a9-99a1-009eb7d712f5,3adeabb8-a35c-4771-89a6-549274f31f9e,Compte epargne,2449,2023-04-20
c8768fab-468e-42db-a320-b18d4073d570,cea926b5-d797-43c7-85e3-6568d7739072,Compte a terme,4396,2022-06-18
9782f25e-5ef5-4077-a403-3c9dd06a5d52,6ceae23e-201b-4799-b891-8810588a6594,Compte epargne,3506,2021-08-04
187c2a9b-5430-48bf-b5f6-ce41839c85ab,1aca4db4-0931-4feb-922b-3898f077e9cd,Compte epargne,6914,2022-07-13
87b085f9-bfe6-4fca-8b16-353dc2d1727c,c99a5c57-5474-4b10-8211-19db9677746a,Compte cheques,18,2022-05-08
c54cf828-fc3f-4131-a8de-37cdd6a6ea0c,64cde1f5-98ac-4382-957d-0b27807cea5b,Compte joint,5228,2022-01-23
86f2c023-197a-4eba-b528-bd4166e84313,37a535db-0197-4331-b707-d13824565066,Compte de depot a vue,3990,2023-01-12
8c2bbb90-65ae-4227-be57-7e974df834b6,43cd820c-31e6-4b46-bf58-cb6b5593f519,Compte joint,6357,2021-01-10
6277b4db-8fd9-4aff-a833-ab81f060e97d,85b7d597-8f4d-414e-8f37-892034f0cd3f,Compte a terme,5860,2021-07-12
4a90a3b4-4547-4117-9fb4-d2f3b964ac4f,4a020f79-088e-41f7-92c0-6c38813151d1,Compte cheques,366,2020-02-16
e2123409-6133-4ba6-9d6c-876ee9d309ed,126e070a-61ac-4a24-bb68-e9c10457c045,Compte joint,4360,2023-07-29
bcde74c2-54c6-43e9-b52c-aa70498c5a31,e499d174-0718-4458-bf7f-baf8eabb63db,Compte courant,52,2022-03-21
de864552-7891-413f-abc0-6e7493cee7e1,8c043108-e6ad-4c9b-9240-46488f33d653,Compte a terme,168,2021-09-02
74821c0a-1824-48ed-b62e-dfe034427f15,44b18cf7-020c-49df-86f4-aa4cfde72725,Compte cheques,9835,2024-02-25
997ad411-4b01-4baa-b456-bb294f14e2a4,b1f4d6d8-1d6c-40f6-83c1-e6b0b4c501d0,Compte de depot a vue,7967,2022-05-14
9a7d00a4-a869-4689-bfdb-9da7f2a30e0f,a91db302-5653-429c-b16f-39afe843120a,Compte epargne,8190,2020-09-20
113f96e5-3bee-4b0c-b4b8-a5c27121452a,21169225-ac78-4e18-a81c-1d8753c4e3f8,Compte courant,8774,2021-09-23
54e21b52-9280-466d-a768-1b95c39dd094,755c96ac-fcd8-48f1-904f-1a59a5aeb95c,Compte a terme,635,2023-02-17
91f126d8-ac4b-4081-9fb9-25ae9140a59a,92e81701-e82b-46a9-bf1c-bb90f11cbd57,Compte cheques,8532,2021-03-03
df3747fc-609b-40cd-844b-0622909850b0,b719d5d1-b765-436b-8bad-eb6a72f8de62,Compte cheques,1980,2022-12-24
6014f3c1-4a42-4623-bb3c-6975e9513166,cb466520-ed4f-47f8-a87e-fbed5d4c98c0,Compte de depot a vue,9748,2021-05-30
eab2c902-64c5-476d-bbd2-f5e8c7b034fe,e4d84e2b-2232-41f1-afed-881ac537306c,Compte a terme,4414,2022-08-01
77abb12e-385f-4552-949f-cc604fac9c21,2db92510-dd0d-4c87-b174-93d29dbafd46,Compte de depot a vue,3322,2021-05-09
a6771fba-58ce-428a-bb1b-94820ad7aeb3,c7644bfb-1263-4667-9cfd-b72d80c2ef5c,Compte a terme,9580,2020-03-06
2195c404-28b5-4e03-acd5-ecc9458bf280,82d5c70f-5541-43d0-a4a8-752e8179c249,Compte epargne,405,2022-04-29
6dcba176-d716-4880-911c-992f3b0e3934,0e446831-236d-4c65-9276-eda1c6fa0202,Compte de depot a vue,8402,2022-11-19
285ab8dc-4c90-43b1-b0e2-e9da7a586148,b5448ebf-8bb6-4714-820f-b39e6c43055d,Compte de depot a vue,9705,2023-04-30
8274672b-4d5c-4ed3-974c-25d9b1c13b8c,727aa837-0aab-46b9-b83b-215a27cf5972,Compte cheques,708,2020-12-31
db01e530-4637-4522-b458-286e912535f7,5252601a-0a56-49d8-b820-5f199c3d166e,Compte epargne,9876,2023-06-04
6eda0669-e7df-4de3-b5e1-865a9cd20679,a6b9b675-5036-42a6-9028-b373b7cec0bd,Compte epargne,70,2021-07-16
add8e4d6-d4bd-4fe6-bcd2-97f4a094ee9a,f7807136-5575-4a1e-9968-720d68fc29f0,Compte joint,3942,2022-09-17
0a5e547c-b884-4bcb-adbe-b60ae82a7125,eac4115c-a055-416c-9abf-c404bbbc5103,Compte a terme,1360,2022-07-09
a13170c1-64e8-4ba6-be59-52d8b338cc5a,014cfac0-0f0c-4e72-b465-676a025c2b51,Compte de depot a vue,7293,2022-05-18
6f3c556c-ba54-4137-b31b-d84100ff8765,35b4b59b-bca9-4007-9cd4-de9d1d13994f,Compte a terme,47,2023-08-12
63861fa1-bb9c-426f-bf62-a330f2668638,2e41b97e-fad9-4c27-b36f-52633f3c7729,Compte joint,2464,2023-10-16
5d58b912-ddbd-4e3c-80f1-692590709a0b,e62791de-4c83-47fc-8a7a-a8f13b46bb5c,Compte joint,5756,2021-11-14
d4bb6b4d-ae34-446d-b073-d36fde31179a,60cff415-76f8-4756-b9f1-cdb36e73ea50,Compte joint,6573,2021-07-06
ddeb3d7f-af77-475a-8008-d088971ab3f2,30d7d07e-baeb-469c-9b79-8a635963b80f,Compte epargne,3291,2020-05-24
a25f664f-7fe4-4b1e-8389-0d81df03388a,d7feacf2-2fd3-46ba-8259-9048befab878,Compte cheques,5207,2021-01-16
3bce9fc2-ac17-456f-9cfa-78bd317e8b6f,3159c16f-1d96-46d5-8caf-fdf28e75d4c7,Compte epargne,3529,2022-09-21
4ed29957-85eb-4f50-849e-3cccb693131b,26d5f9c9-dacc-4229-ab59-4356eb7f3f14,Compte courant,9223,2023-08-09
79a6d3de-4b57-4461-b5e2-b6ebda594a9c,a3e118f1-bd95-4289-baa3-0a4dbbaceabd,Compte a terme,9336,2021-01-23
ea743738-8f63-4aed-8355-eb0869b7a7fb,8b69d477-ce77-4c88-86b5-1f5aef9d743e,Compte de depot a vue,9906,2021-07-26
970ddd16-b143-4604-a6ca-27760c219720,60f3ff14-7c8e-4461-9a9a-2bb2ab504a75,Compte joint,5349,2020-09-03
387a23f3-c555-4cc9-b38a-11b2aecd2994,be588f22-367f-4690-bc52-4e92678c8556,Compte joint,4350,2020-07-06
7a6eccfb-3cee-49b3-90ba-42a68ed0e22c,89881e16-e68d-4400-8808-712803fbeaa5,Compte a terme,589,2020-02-13
5c438f2d-726a-41ea-b502-6028df8765f0,69791dd8-536f-4382-8882-ca7a77e082c4,Compte cheques,846,2023-02-17
92299e36-9303-46df-bd57-c6e88fa05925,64a6f409-7cbd-4868-bb2c-c25c18e8ab25,Compte epargne,6879,2020-11-25
0c823292-738f-4fde-a18a-a762fd35f7ea,79f991bf-5fe3-4dd3-a1c5-f4997fa3a302,Compte courant,3591,2023-06-01
188afe72-6988-41ec-b8e3-cb7632add78a,07f89690-e333-4808-8205-baef699dc79c,Compte a terme,2775,2023-05-15
32589cb2-ce4e-4eeb-987d-f526cf988da9,8ac243e3-f839-40ab-8246-fa42e9664429,Compte de depot a vue,1176,2022-05-29
08d82ad4-49a0-41b6-b077-87ef7fbf54a6,ca3635ff-c5e7-401b-82b9-20f3f47f983a,Compte a terme,1694,2020-12-18
88154c21-3639-42f3-a195-0a7024168148,19e3fcd2-5ea9-45bd-bda5-cdbc92239361,Compte joint,6466,2020-12-11
db78df21-0c83-49f9-8dd9-f318269ddcf6,a81ced30-420e-4cd7-8cff-402dbf744a07,Compte cheques,7907,2023-05-23
5593d4ac-c413-4776-8528-7b8b15a810f2,24fa0a4e-95d9-4b41-be58-41f40cd99ae9,Compte epargne,5886,2022-01-10
4935f3bd-7494-409f-bcd1-5032d81911bd,e72f3149-08ea-48f9-8213-906cf0dd88f7,Compte epargne,6920,2021-05-04
59f58c70-5e66-4760-8d01-07d06826e3c3,3a82dfd4-7c8b-4585-a71d-e1aa61ff90dd,Compte joint,7963,2023-09-24
08035ef2-3b6b-40f9-a0cc-d90b7ed1114a,39361a47-3830-4bc7-9c05-393447e3eac8,Compte a terme,4799,2023-03-16
1fbd2869-6eff-4da9-82c6-69b6a0378021,5da630b9-85f7-4d47-8c75-c3f3edbc43db,Compte cheques,5268,2023-06-22
719dabe0-a08a-47b2-ad2e-b93e920f8bb0,2a745891-0f6d-4010-82c3-fa3e367a6b14,Compte joint,6773,2020-07-03
3a2d8d9b-7872-4ea6-aa07-46a1567a9dcd,d2052ca1-e87c-443f-aee9-c0e9ab973e31,Compte a terme,1886,2023-03-28
b294d42d-cb54-4f2a-b084-8e5b7431e964,2ce0dd4b-f98c-4cc7-aa4f-4713e7e0b1ef,Compte epargne,9605,2020-09-08
dc7e8a19-694f-45c8-9a58-e7137ab31c28,c16de79f-21a5-47ea-9ebd-bdeb3fc855c5,Compte joint,2856,2021-06-30
b2584153-aed9-464b-b5db-1eb59c893b9e,2097cddb-0600-4682-a1cc-3e616e197a6e,Compte a terme,1883,2021-07-02
8c76cc29-1a58-4ac9-8443-9e59b9c6248b,52618851-d32b-40f0-bf38-aa70d8b64e31,Compte cheques,876,2022-03-20
eab02be1-d97d-401e-8855-2f7d3301b8ff,025f0076-1e19-41f2-88be-3f197728835c,Compte cheques,4871,2023-11-21
58c32d31-1ccb-4d6f-ba47-60ec94f7ebc9,e716beb1-5b8a-4458-b120-74308b6370ca,Compte de depot a vue,6550,2020-09-26
a83d2be0-88e6-4dc6-8d76-9ac5f3b3ad26,feef2e82-eea5-44b3-816d-e4101e291db7,Compte joint,8310,2022-04-18
93ea2fc2-f2f0-45a0-9535-3c7883e43568,38b4f46c-ec13-48cf-9e91-95274b6adcdd,Compte joint,2696,2023-03-16
7a801197-b827-4b6d-b594-0c8e4d26e474,6f28be8f-d8e2-43cd-810e-42ce76f14e5e,Compte a terme,3495,2023-07-05
8bbdc2dc-d3d4-4078-899e-7efbac117447,bbdf3e56-36f6-41e0-9564-9f814142670e,Compte joint,1058,2023-08-04
9490cd9f-8b8f-4f23-8a1a-03c059d4823c,0f4e7005-5b2d-4691-aa90-b1f5f3df8618,Compte a terme,2676,2023-11-19
f51373e7-e184-4522-a64c-784674e3ec02,361edf3e-fd55-4294-9ab1-430a767b3cbc,Compte courant,5130,2021-04-19
f5fe9852-c359-4ed8-96ae-06ce1cd0ecec,3df96672-b0f9-4919-ab20-2887f79ceb96,Compte epargne,8895,2020-03-27
7b9a3449-0ac7-4fdc-be22-aeede078664c,5e4f026b-4235-4d9c-9981-36c9a99bcd00,Compte courant,7773,2021-09-06
95e9e183-5084-49c0-9d1b-cf0ad9f7058f,6a2a210e-6a38-447b-88c0-f5a6d9a34504,Compte epargne,5279,2020-12-18
6f7c50da-8cb3-4cc1-ab25-88e11d20f258,caae54d5-192e-45b8-921d-575e61d207c2,Compte joint,2178,2020-12-28
a099eeb8-122d-4818-a598-13c6349ccccd,7f1d8a13-7c7b-40c3-b4c0-c5a7b1831cab,Compte courant,1240,2023-04-11
b1a52060-84fd-489b-86fa-157aaba49a04,4942be7a-5640-4cd6-8841-df5001fbc537,Compte cheques,349,2022-07-19
9a43b036-ded1-4b37-87db-880475b267ca,a4542559-9f92-42b9-b21c-faf6148f9928,Compte courant,9356,2021-09-29
6ecaeeec-c8aa-411f-8328-28441967bdb4,46950b9f-2807-4b9f-bed8-c24cf7a47ad3,Compte joint,6242,2022-05-02
f0abfd07-07b2-4dc6-82c9-08141a2d182c,ba65a8da-1a61-4caa-8a77-4eabeb1a116f,Compte a terme,722,2023-03-25
61e50005-4caa-42dc-8f1d-f43e7e182b42,7ec2f3aa-4932-4195-b734-00252449c481,Compte a terme,6762,2022-10-01
155fb345-dd76-4681-af4b-b79382ebb043,f1660e22-2cb5-432b-b90c-1414fa174683,Compte epargne,5046,2023-04-17
49be9541-a627-4bdd-9c70-d53d856973b7,bb9a51d9-a721-4f1e-914c-949fe64166f0,Compte joint,4325,2022-07-10
a2bd6333-6f6f-4e04-b70c-e8144f53c82e,3d64f950-f5f1-4615-84ba-a3eccee0bea7,Compte de depot a vue,379,2022-03-12
fc61f102-b304-44d0-addd-fea81c77814c,edf87e1e-d657-4a40-94dd-b5fa6e334a11,Compte a terme,2675,2024-02-22
fed487e2-814d-467d-8926-a1df034b046d,322f7f08-9b39-4fb4-87e0-9a232e014aaa,Compte de depot a vue,8057,2023-07-26
3f8aa3fb-6152-4c7e-b816-eaac9a747f45,0f785782-af75-4142-8c98-11d6eb15e518,Compte de depot a vue,259,2022-12-22
e9d3282a-05ac-491f-a12d-425a19278bc9,3a2bd1f0-1e6d-4b11-9bbc-911c98245ed0,Compte epargne,3558,2020-11-06
bccaddcc-926f-4bac-8937-f6177470d084,6efc0132-45cb-44e8-b813-20443c67ed51,Compte joint,3048,2021-06-30
96961902-6c72-4b2f-a3c2-be0e693591d1,d82e5ec9-6f5f-4783-bea2-ae3e1ff0e1fe,Compte a terme,6861,2021-07-09
6d268bfc-a294-406f-98bb-4c4d635c86fe,1b865adb-a554-4454-b7dc-82ba0e671be5,Compte a terme,6430,2022-07-26
875df74f-6f99-4f5f-b242-17401c4925ba,80b4b35a-85cc-4ce4-b5f5-c07b90a36e59,Compte de depot a vue,1229,2022-11-28
8087775f-12b0-4e02-8723-89973f85b514,711c72ce-8835-46df-9999-2058b71baf70,Compte de depot a vue,8533,2022-12-01
b0f7afaa-3bd2-48b0-876a-5f4bbd0c16de,b1d295a2-baed-4aaa-9d59-8a682b4ee1e3,Compte de depot a vue,8731,2020-10-11
00949394-c36a-4c07-9c41-09bc0d442b6c,14831e9f-8e1c-4c96-a0e2-3be2294e9603,Compte epargne,5817,2024-02-21
0f4693ff-6ca9-47c2-92bd-ae92003bdcaf,c03f67a9-ba79-41e2-be66-7c0805418e46,Compte de depot a vue,8514,2021-02-19
f66ba372-f45d-4ef9-a454-6dd216ae9970,a6c27887-d77b-45c4-bed1-3d4433ffcbfa,Compte a terme,4440,2023-08-26
4ef1312d-19a0-489e-8937-4d566012eeec,a27efc85-f11c-4357-9ec0-e34adaa23697,Compte epargne,495,2021-02-11
ca98f1e1-b339-4888-adfb-9534f68ab572,40ec49c7-b4c9-4194-be6e-711237875899,Compte epargne,8995,2023-06-16
80b5c18a-dc67-43fa-b7fb-f997bd8a754c,f3119826-bbdf-4bab-a66d-20dc9ea231fe,Compte a terme,591,2023-09-04
03af27d6-141b-44d2-afee-a3c6aa1e73a0,ebf2e45a-02e2-4e5e-b65e-3cc83f50e0c5,Compte joint,7755,2023-01-03
41a2634d-2ca2-414b-871d-04dbd3eccd03,3e7f5cd5-a2cc-4f0a-985d-5da3f3a23f58,Compte cheques,76,2022-03-21
234465cc-2ede-441b-aab6-e28ca8c931bc,0f831c02-27f4-47a8-9ef2-ee6bcecd4781,Compte epargne,8795,2023-02-28
6c7fbf59-40f3-4862-9b8f-eb05712f6421,5338951c-0e1e-452c-b02c-5df5302b79df,Compte courant,7071,2023-10-26
0eff40de-c0d3-43b4-9a0d-08fa151e85a2,08ff7917-10e1-4e9d-b11a-f63180671453,Compte courant,1624,2021-11-24
7a665f86-b4b0-4286-a3aa-b71da4775b8f,dd9ffc56-e4dd-4f90-9cda-e41afb3c26db,Compte courant,8258,2024-01-23
1047a67b-3a6b-48ed-b8fd-7143da5c3b5a,e26bea94-bf81-4cdf-9a59-298e922d84df,Compte joint,8578,2020-09-15
a5104f89-e4f3-4faf-8514-2e38fb2fb00d,cfecacc8-0093-401c-88b4-6cfcffa16748,Compte cheques,6624,2023-12-24
6f5164c9-1130-4348-85c5-2cfbf7e41c7d,67d4c569-997c-4df9-a65a-b47e2b6f6861,Compte a terme,9666,2020-11-30
f61d786b-2c84-4afe-b037-218e7bf09f4c,04905a61-2790-4f32-a1a8-05370715232c,Compte courant,6084,2023-11-10
895431bb-e891-4397-946e-f39e25580a61,0a125eea-4ad5-43bd-9b1c-259815742e1f,Compte courant,7428,2022-04-13
eb570ed3-f3a8-4a1f-b0a7-1e14cc867ac2,ba37559c-bf66-4ff2-8c79-54d20b2c09c3,Compte epargne,2946,2022-09-07
547489c3-0af4-4122-be20-8fcfca6a4bc8,fe8f7aa2-46c0-4bff-8be0-7278c680e455,Compte joint,935,2022-03-12
cd06ef50-d74b-4d15-abe1-62d0427fb9fc,5db6b867-d3ee-4919-924d-d4449595a8b3,Compte joint,919,2021-04-09
07c22895-e9d8-4073-92f0-f92251b0abcb,fde9e497-95b3-47c6-baed-1ec8dd2d0d1c,Compte courant,910,2021-10-16
ac3c1d0e-54df-41a8-9ae4-e8726d2ec685,c52f366d-1767-48d6-af70-499a70dcb0ba,Compte courant,225,2020-03-25
f155da9a-eb2f-4c37-bb26-7bfe554f1ad9,db76d7ac-b296-4363-a847-13b208632a3f,Compte joint,6059,2024-02-24
4764f0d0-9da1-4e29-b510-4f24f2ad93a4,298a0ade-e041-4c45-802f-baf11cdc584b,Compte a terme,9448,2021-08-17
a541db12-e4a6-484b-8364-c8983dcb5a0a,5940fc52-0c74-449e-ab0d-23da966425ee,Compte epargne,7065,2023-11-30
7222a4d9-b469-4ab2-ba98-85dda640652f,d927a8e8-07eb-4d6e-906e-2e9af3434544,Compte a terme,9326,2021-09-17
3e149a61-8b7e-4a25-afeb-33ee77eeab9e,4658c5b2-7517-45a3-b523-bd317e6eb191,Compte joint,7932,2022-08-15
dc10a597-fe99-47ed-a4ff-9e91e7ebff9a,e3b8d8d6-946b-4f12-a141-7939df47e902,Compte de depot a vue,9373,2022-12-10
b071c098-00df-4858-94c9-2ac429797360,71b0b4ce-8946-4fcc-97fc-6156605509d2,Compte cheques,1443,2020-04-07
567f95a9-a5d2-43a9-ac1a-e57d5fbc2b1e,6740a4a3-64e7-469a-a405-8e88ae82ed95,Compte a terme,8749,2023-03-20
21593027-b789-4993-8eab-acf4beb539ad,e0435e17-3029-4f9a-ba76-ce899af2109f,Compte joint,852,2020-02-04
40c98975-c0d2-493c-9a98-52cad3827733,705e4ab0-6c20-4a79-a85e-4f7e472442b4,Compte epargne,1434,2023-04-02
48eaaaeb-1bca-4f1b-88f3-ce59f2d6ace1,71389420-3582-468e-8418-a6251f251aa7,Compte de depot a vue,7544,2020-02-17
8a476984-d08c-4f16-8102-71402e7bd66d,17282276-67fd-4ce6-b243-12e50fc583bb,Compte joint,6257,2022-01-19
7178e765-1ed0-4d30-96fa-50fb5ed110e5,afe06010-5526-4dd9-925b-858fddf1b7e9,Compte a terme,7013,2022-10-19
bbe56bd2-1b7c-4648-9f59-12f4432e5ee8,61e295d4-1304-4ea8-b993-f3d1f34b0d59,Compte a terme,555,2020-11-01
507e10e4-967f-4559-9510-d2ca2ee32534,a5a5dea0-6fbf-4ac5-afc1-aed19b2772bb,Compte de depot a vue,9647,2023-08-27
ff334f0c-5808-4ce7-a05c-e13953eb639b,adf15f6a-6404-48a2-8aad-cc6d6aeb5b31,Compte epargne,2868,2021-05-13
7ab46a6f-61e1-4dfe-8ff4-a960471d0552,6cafe587-cf73-476f-83f2-494a66abf9ee,Compte a terme,7839,2022-11-25
4826aa4d-3b13-4d77-aaf4-c91267384a83,bb553955-379b-463d-89f2-c0fb7a917a71,Compte epargne,4008,2023-07-31
cf4272db-5a04-4ad1-a3ee-99cbd19b0bed,1aae9193-af42-483e-a34b-2bad2e32bd38,Compte cheques,3087,2021-01-17
4342dde1-0bf8-40ab-a98e-5aec30b5206e,b8168b07-b5c0-40d5-9e8c-fdc8615ae725,Compte joint,9764,2021-11-29
6a87a975-a240-4c4c-82e6-e67e6df76a76,6d4609ff-b28a-4751-957f-b7ad3c2448b4,Compte joint,9632,2020-01-27
800bd586-2f72-47d6-a142-6541549c43d8,4574c4f5-2d90-433c-b25b-81b9366ca8a9,Compte joint,3389,2024-01-23
8a355240-f100-47ca-ac87-1a371b4cf78d,df563e0e-c9b7-4225-8f27-4f83092db3ed,Compte epargne,2861,2023-06-19
c70a0bc6-905f-4f71-a365-8a638a783b1c,5dc4512d-1035-4d6a-9479-012d0bc087a1,Compte a terme,1596,2021-06-29
9c0ed79d-dc8e-4267-86f8-06e4a013ae12,e27ca8c5-97b6-43b1-937b-eecea4b5407c,Compte cheques,4782,2023-10-27
4e4f52fc-be76-4bce-b412-8e52bc8fce00,b3420440-3916-4474-bf87-1467ac9bd889,Compte de depot a vue,5316,2023-10-07
f3530992-cfdf-427e-91ba-9fdbbb6e8a87,a274e8b9-1404-494d-8577-a4a37aaac420,Compte joint,5501,2021-11-19
603e0765-6ab4-4ac5-b009-8301f3ff6d1e,ab0db29a-0158-4894-8274-0bfcb0d3f2fa,Compte cheques,1961,2024-01-22
6b1bd7cf-3a8d-4e81-8f0a-16a4133e60ee,31e7dadd-16e6-42d2-b370-470508eb898b,Compte cheques,7430,2022-12-01
f648d647-f3c5-4838-a28a-cc071241b09c,fd750e2d-d79b-4016-afe5-6808f4ca4b64,Compte courant,4032,2021-05-15
b7d582f7-d01a-447d-b245-cb507123467f,e6821a78-5127-4977-ae95-8534881f588b,Compte cheques,8562,2021-03-07
3e3862fc-a13f-4a8a-9ad7-274ff32e8691,ad8aba94-7157-47fc-a248-65d5ca414560,Compte courant,8936,2020-02-19
3af02b8c-ad6a-4466-90a2-ae9a95142d94,906035be-444a-4474-a73f-01f210844d72,Compte de depot a vue,5831,2022-11-13
d0d86721-926d-4fe2-9e32-0fc88c43d4da,8c94ab77-ea5e-49ac-a597-9fc0a8b37170,Compte epargne,7734,2021-01-11
8b33cc1e-567c-4b92-a719-301bc31e3c7e,94517cc6-9a13-41d1-86a1-5d5323b862db,Compte de depot a vue,1325,2020-06-03
d99305a8-b86f-485f-901c-8aee110d0309,84d7fca8-57d9-4ccb-b813-73fd90220e14,Compte joint,1749,2023-02-27
bac12315-6c1b-4bcb-a7ca-50491d5e3fce,9bead3d0-1d18-434a-8425-9bed5045bea9,Compte de depot a vue,7659,2020-06-27
c1731934-41f5-46f1-b44b-b31afd0eaac4,662bb064-786a-4e45-9521-6087638fbd2f,Compte cheques,7638,2022-10-04
8795c7ca-1f47-437a-8afa-7e32410d1cea,77eff3d4-85e8-4627-be7e-1b95d4e7c67e,Compte de depot a vue,5973,2022-04-14
732d2241-bae3-4bed-a0ea-49c0f558b6fe,209d9f63-3a7a-4d64-84d2-4603a6943c6d,Compte a terme,5808,2023-01-27
49f948ff-562e-473a-8375-475b365f0e70,7ae76f40-ecdf-4257-b19a-5e7c5c00e85d,Compte de depot a vue,7254,2023-10-10
6ba47275-ff35-4afb-adca-85f62b3f7b25,bdf30cbe-0544-4bf4-8d8e-7fdfe01a7e99,Compte cheques,8157,2021-12-05
1d96ef30-76d0-4c92-b8b5-609746bda606,40c81022-053c-495d-b34a-48643d02ad9b,Compte epargne,8822,2022-09-01
d0616966-941b-452f-adb9-eb14adb8747b,7659ed73-5731-4284-9d82-cba1a94a50b9,Compte epargne,9060,2024-02-09
d4d2d635-6a4c-4e93-b14a-b437baf47ed7,01942c18-3c3b-4b0c-ad58-3957f8ae60a0,Compte courant,6692,2023-09-29
f46e5c7b-de34-4c21-b328-5ea5be6914ab,e124609c-9bcb-4c2c-a8ff-7ec52934426d,Compte joint,1938,2020-10-31
ef14a7ca-5bb6-4051-a7c1-b7d768323c7d,7b884338-2317-4040-97e1-7a18dc5de544,Compte a terme,8566,2024-01-16
dcf5b13e-9d23-49aa-ab86-d87c8b5262a7,aca11269-c75b-442d-acf4-79a1f984e074,Compte cheques,5427,2022-04-05
75e3d91c-7e25-4b0b-8d35-69e2d89f7400,e3b58bad-5de0-488a-98b3-e3ba5e6c7607,Compte epargne,5014,2022-11-20
ad745aad-4d89-4cc5-a3d7-409d69b0c5f2,6d5986b0-fa71-47e0-9732-e46ce41c1fbc,Compte epargne,4873,2022-11-03
75f00609-daaa-46ff-b6b2-4f3e93fe023e,7608afee-fe15-48cd-a3d2-c0baddac375a,Compte courant,7606,2020-01-19
e0b3a476-10dd-4fcc-ac88-a4e305064b78,936ca1e3-6e9b-48ac-8053-45fbf06806fd,Compte a terme,2848,2021-03-13
6fd2f235-e20b-4463-96ed-4a32a4b68047,2c674e61-7ade-41b4-b15e-9ba3553e4cea,Compte a terme,4891,2022-08-26
bd22a753-031e-43c4-83b6-01fb737161f3,965fb385-463a-496d-b8e6-aabb7ee2a8c2,Compte a terme,7092,2021-06-27
5d8db174-a9d6-42f8-8dd6-d9c06dae3e35,709096e1-3b00-41b3-812c-bbe363ec6ea5,Compte cheques,8181,2021-01-20
4cdefe9c-7779-4b0e-af81-79c37615c0fc,6976b258-ac09-49d2-bf09-fa026f009416,Compte epargne,2874,2022-07-14
edf1fe74-66fd-47ec-b10c-c1d57d3848a5,281a764f-dba8-4198-923f-6a582314f821,Compte joint,1193,2020-05-11
b3434ac6-7fd5-482b-a907-8541b91851a0,923c78fa-9b95-4e5f-91e5-0d2f391c762d,Compte cheques,9714,2023-02-03
3c571c64-936d-4130-92c3-b6215675e5e9,adf81690-4d0a-410f-9f24-6d0965d497f6,Compte joint,4863,2020-09-17
bac4556b-874e-468f-93f3-1fb0b632dd43,d1b3fda5-4429-45c6-adca-d50feb646f39,Compte epargne,8318,2021-10-14
2e666a7f-1a6c-49a8-ae62-b59b423c1e97,d0bca493-332b-4d9d-8946-f227cd9f2fe1,Compte epargne,7665,2023-04-13
9b79bc86-30f6-4b0a-8732-42638552202b,57961ffd-edb8-4adb-855c-5847d6ae8c12,Compte de depot a vue,7997,2021-09-11
01133f41-12f8-485d-a8aa-b9f6a0900974,aa9d4fbe-de9e-48c2-a6e3-30f0d499be04,Compte a terme,343,2020-12-21
6a60b94f-db37-464b-9ff7-c870ebfafef5,f8af9331-762f-4db0-988d-ac61b37871e9,Compte epargne,9519,2021-12-28
cd68d3a4-8782-4833-8987-cdb686abe5a0,223a43e4-9fb3-42e8-91b8-a571d328e2c4,Compte de depot a vue,5358,2020-10-07
97fa563b-910e-4269-8f83-ad1acfd27166,94bd43eb-ac69-4a40-9307-04d13d7bc8a9,Compte cheques,4475,2020-05-04
c92ec3f9-39d2-4782-a918-c8d92b2fdd52,27393387-0696-4cc5-a407-31dfd4ddf1df,Compte courant,809,2023-07-21
3e6cbcf7-1168-47a4-8537-d2e72561482c,214d1577-e2bd-4ea5-8d51-eb2f31af41fd,Compte joint,5897,2023-04-28
1a0f4d85-973e-4443-8d77-b005c86ed232,230ccea0-e78f-4db4-8982-5d5170ba0db0,Compte courant,7556,2021-07-21
a820e428-5038-49c9-9045-59a962965a12,6a819a01-b9a1-4936-9a9d-b3823ddc7ffb,Compte de depot a vue,2629,2023-06-20
ace747d1-97d9-4892-a83d-eed64e2ec18e,d75c8e60-3f12-4be1-983b-d3b6d978875b,Compte a terme,2212,2023-10-29
625a3ae7-9d05-4962-9798-6f3844442d1c,731e58bf-2920-4c7a-9bf8-a102263e5d33,Compte de depot a vue,7351,2020-05-02
e8cd8124-6378-4bbe-94f4-a19c83e852e9,ef16154e-bf88-4b03-a5db-8094342b85d9,Compte courant,8848,2021-04-11
426dd65d-0733-432c-af61-ee37f915995d,ba29c3b9-d94b-4915-9c00-f1946ca3fb20,Compte a terme,2758,2020-06-02
dabb4f3f-3db9-40db-9a33-1acf2fbcae70,6feb9aec-07c9-49e1-a072-f3fa74c4b2d8,Compte de depot a vue,70,2024-02-27
0d692d75-08bb-422e-9744-c60236353931,56f6d0ad-b7b0-4178-b5c4-5b0c46f0d1dd,Compte joint,8231,2024-01-06
b87385c6-755c-4643-83f4-24522f10bd3a,a1fd15a6-dccd-4abe-80f2-92bef6f51239,Compte cheques,9307,2022-04-25
eba52bc0-42d4-47b9-9b0e-00e31f69961c,17a4a7b7-6d5b-466d-b562-573ac021a49f,Compte epargne,1918,2023-09-10
7e3a5055-eca8-431f-a15d-ebc84870d471,8986e46c-aabc-4f70-86aa-273f084296b6,Compte cheques,3972,2020-05-07
0274a254-aca6-45b6-8f2e-be1bd7b03df3,efa7985d-11b6-45f2-b67e-fa218cd7d44d,Compte epargne,276,2023-11-22
672b5dc8-101b-4190-96e6-1a4c1dd02560,95baa166-39fe-4f7c-ab1e-b42333db4f37,Compte de depot a vue,7009,2023-05-10
feb8765e-2b00-463d-95a0-b806a4b1cd5d,b1c5498d-4722-4f4f-a79c-47d3892e5e98,Compte de depot a vue,8680,2020-05-21
0b0aa252-f6d9-436f-8f7c-890b16c60106,c52eff65-a273-4d56-b35d-57e87f4f4d16,Compte a terme,9923,2024-02-09
77271429-3f43-4eef-9930-fc8142d8650e,7d04c311-5920-401f-a9bf-cd7b9823dae3,Compte epargne,1973,2023-04-06
ac4ab65c-a63f-42f2-b83f-04dfc48d1ddd,c67f5c28-fdc0-456a-9653-e2ba4054a690,Compte a terme,6636,2021-10-25
141f89d1-3e10-42d3-8666-703d4636a575,5fc18753-8399-4d9b-a966-8a18142ef810,Compte courant,7792,2023-06-23
da5fe970-f062-46dd-9408-605c8d7a2d32,eb18273e-2e83-4d70-8637-c4e17e927768,Compte a terme,4700,2021-11-26
1091d099-96b9-47cd-9ea5-83955f5aae79,bc647bd1-e488-4d84-90a0-d53dbe63a8f7,Compte a terme,6495,2022-04-08
9541f865-cbaa-4bc3-a9ae-b2123ac5aa97,d702c741-8a27-4716-bee7-2f4bd1b50883,Compte joint,3917,2022-05-09
97fba752-8179-4cd6-8278-668470d0d2b6,1022dce0-1cb7-49b2-a9ee-9a65d5e94d60,Compte joint,9347,2020-10-07
51eb5362-3056-4459-a946-a3d6737a7599,0e6e2fc3-e630-4142-b9e8-c4c3fc504d9b,Compte cheques,3962,2024-02-23
167ab951-d0d0-43d9-b60c-2febba1b1ba5,3801bd33-4da5-41a9-8b0c-fbf5db956a5e,Compte a terme,6079,2022-05-20
8e3ec40b-e045-4e70-908a-15df472d4f4b,a9336a94-92b1-41c0-a0ed-de94e2655ad1,Compte a terme,49,2021-01-12
6edf8255-05c0-4564-a50f-6bd3b8f1b184,6d3d871b-fa8f-4f48-9687-240c082b85d3,Compte de depot a vue,6136,2023-05-01
488d713c-8425-416e-84cd-3eca1660c891,98a864f5-c5df-4d23-a573-60d9fd84bfd8,Compte joint,5288,2022-05-21
547f96e8-cc72-47ca-a5b7-b75eaa37bfd4,186d0289-69b4-4ec7-aab8-e7d6b66babca,Compte a terme,8624,2022-05-07
d1a68cd7-8688-496b-b6f6-0b2abbd5cf05,98ddcaaf-c76d-443e-bb7f-8fb8f6a1ab68,Compte joint,9739,2022-06-08
e36bec90-4c76-439f-b9fd-17064cc8cd87,56fb3902-d753-4962-a9a6-cf65f6a75e3d,Compte courant,8338,2023-05-27
ad957ef8-d39e-49f3-84d8-a0dd18c4f3ec,e71a2f9f-ae64-4902-af50-c66189032adc,Compte joint,409,2020-02-03
facf14ad-cfd6-47e4-a425-db106c932823,0d7eac26-dcd4-40dc-9a54-b39c4c504c2b,Compte epargne,6100,2022-01-20
a087db15-42bd-42d2-817a-137ace132f35,941d6631-6fee-41fc-8736-5ccd2060fdb2,Compte epargne,1292,2022-07-14
d1ebe3ff-3acd-4a10-8f17-8c7bf9d8aa7b,a2678cfe-438d-46a8-836b-b7d93e6dff5a,Compte courant,6498,2022-10-30
445015f3-1ae2-4d42-a3e0-0df2df24070b,349eb5bf-861e-4776-b9ba-aa2ddca181c4,Compte epargne,1167,2022-03-17
a731668c-0fca-4352-ae18-165a58e146ab,467eb74a-8d98-43c5-bc0e-41bc05eef8c9,Compte courant,3816,2024-02-06
20092709-f191-42ee-bd4e-c4962bb5bf47,556fd499-f28f-4b58-9fcd-da9c90edb3d2,Compte courant,499,2020-12-06
f3f978a1-9994-4b36-9591-93d9948f8209,78d5ab04-e856-4d89-bd4b-6ee4f065136a,Compte courant,5203,2022-12-08
f557d803-9207-4ced-86d6-1f9ced5a9ae4,5ebcc6ef-6721-494e-b5b8-7537283a1a2f,Compte de depot a vue,2838,2024-02-01
ec44ae49-ede7-4a57-b508-d6a596101f23,8f83a261-593a-4289-8276-55264fe4f3b1,Compte cheques,3939,2020-12-11
526cc795-8496-44ef-8581-84d463e88c75,ab1ab7d4-37b4-4d8c-8ed0-be995360c512,Compte cheques,5282,2023-06-09
1c631b63-935b-40c3-9576-9f5c1f292160,c7808bc2-982d-4f18-9504-a6ef8d208d54,Compte joint,6726,2022-05-17
ef5fca2c-3ac6-4c72-91a6-290b77329c39,bf99db89-cdcc-407d-8a8a-64e10348a24a,Compte epargne,2230,2020-10-11
cd7fd58f-9fc3-4a31-9c11-310e3b8761ef,cb3c172a-c477-4e5e-8f15-b7e58972645a,Compte epargne,3238,2021-10-13
b2379e1f-5767-41ac-b736-61a28abe9437,7a5c0ec5-eeed-4542-a52d-515340e16dec,Compte epargne,7767,2021-04-07
4fb45283-c28e-4ede-8422-4ca25fadda12,149dca5f-a0bc-48a4-8304-68c0c0126898,Compte de depot a vue,4454,2020-07-01
dae40bf1-1869-4187-b598-e14776b57bb9,aefd2d99-e5be-4ba5-a8c6-3fb2fedfdb4d,Compte a terme,8451,2022-08-29
b3e19d01-d7c1-4507-b88a-ac09973d920e,c039f70a-93fc-43b2-89a0-3a8b5e1b3ccd,Compte courant,3197,2022-08-14
3106168a-2304-455f-9d94-30a2f23724a3,862ad3c9-aff0-4ca0-8252-d17b6cd853eb,Compte courant,2088,2021-07-20
ac6aaed3-639e-4bd2-b446-84a3b4c6ee02,dd20e1ec-db95-417f-abc0-110051fb4e39,Compte a terme,3522,2021-07-14
817a52d4-7176-4c63-98b9-988a54d5735d,23290b35-0905-4c8d-afc1-e243f0e9a21e,Compte joint,1508,2020-11-13
be5015b4-b270-4f06-a554-ce6a1a22edce,100afb3c-ead7-4c4d-94f8-dbc24d079992,Compte cheques,6698,2021-09-10
74cdd84c-819d-428e-a738-e97a70657428,8e679d5d-0d30-4cdb-b522-38df1225d83f,Compte epargne,9436,2021-09-10
e8c81ddf-62bc-4291-9b94-8ad83d0ffbbd,67412997-8c55-4d82-b71d-a8094f61aa2c,Compte epargne,4848,2023-10-22
8cd7b098-53cc-4d21-8bb8-a8ee059bfecc,fb450c3f-f5bf-49f4-9133-eeb4dbb85f98,Compte cheques,7601,2023-08-14
74e6ab25-b957-4f29-9837-bd9d31c3c1c4,e30b98da-b3a3-4de5-b2eb-416724158d73,Compte courant,2071,2023-02-04
34b1b7d3-c622-4169-96ec-c60d3d139e88,94e2dcb3-013e-4292-b301-486013a9f8fe,Compte a terme,981,2023-04-09
2c15c417-8f85-4445-a976-a40fccae6171,5fd6089e-13e3-4b9a-b4e2-5c1be63c7f93,Compte a terme,8911,2022-11-22
3627794c-3f5b-43ba-87c6-ebea42d63719,2ecb47d2-5cb7-4deb-a35c-e70632726988,Compte epargne,4643,2022-01-05
32ede733-3f5c-4ad9-b3a7-b5fe8aad6f3a,46227159-8828-4fc9-93d1-9b5daca9d9ab,Compte courant,1317,2024-01-02
4465c3c4-2dfa-4df0-9a5a-8fa74bf7868e,cd3c1d54-014b-482c-a039-6071b8eccbae,Compte de depot a vue,7047,2023-11-10
65160c40-41fa-49b3-89bd-7dd64ec8d1ec,b01f5d31-41eb-4a10-9aa8-29617ec07650,Compte cheques,1026,2021-02-27
28a816e1-237b-4b02-8503-2f4598f64623,a1131ed5-deab-4d4d-8944-ce9fa04a1529,Compte courant,72,2022-07-10
816f0194-8b11-4419-9959-a7ffd83396ee,3137f5be-7e53-4fb0-bb58-9dce30f358d9,Compte a terme,6935,2022-07-16
342e3732-f7f7-45ed-8b80-3e37922216b4,c9e42465-1bd5-41a8-9c41-c0243645d573,Compte cheques,1638,2022-09-02
3e4b7243-3952-44cc-96bb-59d1dff7285a,ce20fd37-665c-486c-90af-dfeed6390413,Compte courant,7877,2023-03-25
b560d86c-d8e3-4289-a7e6-dddbcb8257df,798508cc-9595-426d-8463-77eb48ef0534,Compte de depot a vue,4989,2022-05-01
f9b6b996-53ef-4ffe-88ce-0c724d34108c,b6895818-b4e7-4c2e-8b87-2580fcb2b978,Compte de depot a vue,2890,2021-03-09
d6c68198-0944-42a5-bef1-795432ea6780,25c8b225-5e0b-416d-8548-e1094922788e,Compte a terme,479,2023-12-27
8662b581-30e0-487b-93ac-7386adbbd7d6,68719073-bcee-40f7-8dd1-9cb6b93afe57,Compte joint,9693,2022-01-10
a047dd78-1b0a-4a18-bed5-78ebd7bf6724,3cd3435a-9203-45cb-ba92-cab9071948f6,Compte cheques,6892,2023-12-15
a11418ae-a409-4081-a5bd-084efd297fea,163a3fe4-1469-448c-bf86-50cccea740bc,Compte courant,1732,2022-05-13
e2eac1f1-a6fa-4bc9-ad7c-a2c3e3ef4e21,f7ae33ff-e3a9-4720-bb25-eb244c4d9968,Compte courant,7593,2023-06-29
4cb69edb-4e85-4b74-b1bc-12e33dbcfa31,c48bafe9-4b0f-4318-a22d-9044b6c5f70c,Compte epargne,3899,2021-05-29
98a859ba-142d-4f5a-a863-d4d02b9f2f13,8032a76a-e1fa-4fac-bac3-bcee15c0841a,Compte cheques,4519,2020-11-04
0854e288-811e-494a-86dc-eaddf90ce46e,520fcc00-804f-4ccb-a754-fc9000d3556e,Compte de depot a vue,3376,2022-10-22
b51a14a9-7e66-42d4-9e48-b43118bd396f,50bbf483-1781-44bc-bfc3-47443bca871c,Compte courant,4827,2021-06-20
f6dda493-0ab7-4ad7-a7a0-cf94f32353c3,ddd28a44-0b63-4981-99a7-b42c4da4f644,Compte epargne,1695,2024-02-26
50368ba9-b3af-42bb-86b1-03dfbf119b60,46a2e777-5e71-42ba-828d-3f2a14c456a3,Compte de depot a vue,4743,2021-01-31
acd86fd7-425a-45a8-ba54-54194adbc1cf,d4c6f457-e771-4394-bfed-2b29231b3c1e,Compte a terme,3492,2023-04-13
dac944ea-7342-4f98-be41-b2ff450b1826,33cfe78f-647b-442a-93f7-2f2748240882,Compte a terme,6953,2022-08-30
5c08e4e1-e786-40da-985a-55584ae4200c,32dbce4e-5470-4926-ab9b-94289c26b248,Compte a terme,5734,2020-11-02
60467c60-c604-4814-a849-0b568436dcd6,a5873915-ce78-4d34-8342-0cf601cba0f9,Compte epargne,7522,2020-05-27
e8d4c745-dc70-4ac9-b5cc-3b2e689c74c9,3b3ebf25-b935-455a-92ac-b82ab066b77a,Compte de depot a vue,8252,2021-08-02
548f8deb-8d8d-4e32-93d2-b964aa49280b,c2341526-2e35-4896-ac30-6e089f68cae2,Compte cheques,5307,2022-05-30
e7cc241c-a783-4b16-bcd6-6a5f831c9244,5a6edde4-217b-468a-a2ef-9e66979b8c63,Compte epargne,5386,2020-10-21
c790db5e-ad8e-4792-9b1e-3f4e765ddae8,fa666103-d61c-4d8d-bee5-c79369845b94,Compte epargne,710,2022-02-05
db5137df-880c-4997-838b-8f3054f0c372,ed250cec-204c-4459-b483-65b52c2e0b54,Compte de depot a vue,9333,2021-03-08
5836bcfb-68a3-47d8-8c5b-b4307ce46f32,471196d0-0161-43d9-b764-0453ee9d5abf,Compte courant,4952,2022-05-03
343ebaf7-6b1d-4937-ad77-bdc0c9e2386c,6c02d63a-29fa-415f-81f3-9d11b8f79ac0,Compte a terme,6701,2021-08-31
58730d41-7fa4-4484-b166-88cbb8100093,e63083e3-c3b5-410b-8278-909dd1f36bb3,Compte a terme,1848,2020-11-17
30a73ec8-3cff-43b0-b7d6-f5db14d21943,e53b9779-b610-4745-bcc3-e7c2d12f9d08,Compte a terme,5134,2021-11-20
6a67814a-bbbd-4714-b33c-a1db4c62afce,279865a6-19fc-46f1-afe8-8eaaf9bc79e5,Compte courant,2625,2022-11-29
68644c2c-1e45-4513-9097-2e4aa3e85968,d5b91677-fb8f-433d-a210-fa7b0c6d1680,Compte de depot a vue,4053,2022-02-08
683d6ccc-0c5d-4543-ac87-16cc0a1d8b08,9141af62-5b5f-4f37-895a-1e445012baef,Compte epargne,8815,2023-06-28
8a4a9335-b71a-4042-8261-48da0e3d565b,9e45f408-e4f5-4f4d-b190-4bf3f9baddb3,Compte a terme,4640,2023-07-01
60ddf991-1369-44b3-86a0-1bb7862da50a,f0606c65-7363-4f9a-8f8d-47a5c467ece1,Compte de depot a vue,8724,2022-05-17
4578bf97-75ec-465f-9275-cdd3b1d492f7,d166983b-fe5b-455e-950f-1493b67ffa46,Compte a terme,8986,2023-02-20
d9d105b8-bf90-4bb7-bc3c-7fae603b8834,225dafe3-8de8-41a6-b23f-11eba7e74c4f,Compte cheques,1598,2021-10-11
2af3925a-b66c-49e3-a6a7-cbb005bf6c8d,df106181-f1af-4393-943e-08cd50ab2d5a,Compte cheques,6050,2020-08-26
3be3b7b1-273a-4b0a-a927-2e8351ed7193,aa335a14-9871-4b44-bc72-0017558c0d8f,Compte a terme,1576,2020-08-30
baf88048-cd8d-4ba4-b91b-baf11a4555a6,565dfbb2-16a1-4f65-b265-47148aec3470,Compte courant,8487,2022-01-22
fdc09a94-93f0-4e66-8468-0684f574a7f9,46cdc005-a05f-4ccb-a3b3-c07284dcdbe6,Compte joint,27,2022-12-16
639e202c-5942-4631-95f9-6398c0c5e107,bbffe496-0ecf-4f57-b6e4-7f62a3dbdb96,Compte joint,6935,2021-06-07
0235950c-374c-4382-8540-dae4747fef3a,93adcb1c-39e5-4f2b-881e-769aa129a4bb,Compte cheques,12,2021-03-08
1e7ecee0-e929-48ea-9479-2d996a20f811,a2e0d1ec-f8b0-47af-a854-a12da8ed5e1e,Compte de depot a vue,1612,2020-10-19
ccd5f3bc-ae03-4e0c-a61d-4dd3e68a61c1,1f354fd9-30db-4d0e-afe5-b41463b8c761,Compte courant,4511,2021-03-12
c2190385-bfe2-42e3-b4a7-297dcc8fa400,7720f985-52c2-454e-a0de-3969fbed82bd,Compte a terme,7881,2020-06-23
565e4b19-8419-4285-b475-79e9a969528f,c8e825dc-6650-467d-a4db-7bbedb9b0de3,Compte a terme,6162,2022-11-25
ec433788-62d6-4341-90fe-0853cc804c15,0a39df60-58dd-4a27-bf79-152c62636711,Compte a terme,7129,2023-12-25
1f424172-efeb-4531-ba5e-a1ecca1a5bb0,a46c7685-6704-49ab-b01e-c2b4dbcbc0d0,Compte de depot a vue,8502,2021-03-21
a32f23f4-984e-4cf5-a720-bc29bc5e60ca,0049448c-252d-48c2-95de-949f4d5b6777,Compte de depot a vue,410,2020-03-21
602bc4de-cebb-4d34-be91-757a1c981ed2,2a3d468c-f6c6-444d-b6d5-1a9690e8a0ef,Compte de depot a vue,1789,2021-09-23
7b2bdef7-fb5f-4d5f-8ced-3d338400ce9d,9fa32c31-386a-4290-9923-adcd7c318fef,Compte courant,4231,2020-10-28
be062dd4-9dea-4602-ba7d-a4f6c4bb52af,0a476c2b-f342-4fe0-b64d-a09e1e84d9fd,Compte courant,3283,2022-08-21
e02dba83-d76d-4362-8401-85581eb072f6,0f5a78cf-b07b-4812-b3e6-8f97c0e34f50,Compte de depot a vue,2757,2022-05-14
236192e4-b5c2-403c-b54a-a8cd9eebed9e,bacb30c5-8f58-4155-b5a3-fbde7457d310,Compte joint,2044,2022-08-03
619e5ae2-0e5e-41e0-bebf-3e4c2d8ee140,7364e97f-7e15-406f-ac8d-30ec38685e94,Compte a terme,4656,2023-12-25
5c18ebfc-0696-43a1-828c-e8da71102d14,b346d612-4a7d-430c-a218-4cba257b00d4,Compte courant,3821,2021-05-05
36086801-fe7d-4c24-a865-49e78e94d9dd,02f70431-7594-4bc6-9bba-e99debbc4c0b,Compte epargne,9049,2022-06-18
e7cb80ab-1a84-4cbf-a703-a583aed6fbc5,a014dd00-9d76-4ffd-9e00-a9decd500112,Compte a terme,7173,2021-10-11
d749f520-fe07-49f3-b948-c2f7118de0df,98ea0ffd-7b5f-4d2b-8216-22851b0b23e4,Compte epargne,7195,2020-06-29
6944ac4b-fc14-413d-a7f0-206b678f617b,b4e6ff71-07f1-4263-b157-c60d4d1e9776,Compte courant,2241,2024-01-04
c83529c0-508f-4cb8-bdf2-1ca6227d4ec0,6719b387-ce71-4ebf-bcd1-ccabae437296,Compte cheques,5249,2021-10-10
f9a45e50-43f5-4894-a65b-63b523dd76ab,b0e33051-ee1b-4960-b96a-fc4b9d8ef470,Compte epargne,4797,2021-07-06
a6888e47-00f5-48a0-a7af-73595a76b771,b0a07452-e60e-4fa3-a9fb-e17ec4a90a56,Compte cheques,2096,2022-11-09
7796b7b3-e556-42d2-930c-3f5cb0ed8159,90f4c2a0-e4f2-48cd-9f37-1eef12b95ca0,Compte de depot a vue,5420,2020-09-12
b1786184-c4a3-4b84-b4e6-76097f440cf2,94805cdb-41b4-46a1-bcda-93003e3ebdc9,Compte a terme,2871,2023-03-09
2e0f6865-d0d2-49df-96ba-39359966e53b,fdb59399-e76a-4245-98ac-530d9e974d05,Compte epargne,5729,2023-10-28
60ea7ef0-dc17-4f00-ac15-9669a0951ab2,7b8881f2-49af-4d1e-a908-019a5a45c822,Compte courant,1679,2022-03-08
4a4c7dad-10d2-48a8-ab03-c64fa088bd73,979f8138-4e74-4c17-a750-8dcf2d6d8c4f,Compte de depot a vue,3929,2021-04-06
d6b10a7d-9ecf-4b1c-a907-2d0de9c32805,c7e99e6c-5798-46fb-a362-8cae2d073276,Compte de depot a vue,2830,2021-10-24
44000ad1-8e9d-42fa-89bf-2c2b3b556584,c3dd4040-57da-460b-8ca2-2d71ede8d77f,Compte cheques,6688,2020-03-11
3d319a76-902a-401c-ae67-3a02c40a5f1f,68ee22ff-1281-486e-b214-e07f1558d31f,Compte courant,3643,2022-04-11
f67c95c2-462c-4768-8966-013479acf38d,7c2906d2-ce78-44c3-a2e4-5babd9ea9686,Compte de depot a vue,5294,2020-05-15
8dc2ad93-ef3c-47aa-a8e4-539879ef4806,30086d14-33e8-46c5-bebf-d9fd4cda00f1,Compte courant,2729,2021-12-04
559c164c-e207-421b-9887-6c97a72a3298,e4463c07-0634-494b-9e68-43e205ee7fab,Compte cheques,7036,2020-03-10
3e24eb55-fb5f-4877-9a7a-8e8ce0380955,0f7b6f8e-d4a7-4c6f-bd7c-9bd5e671c7df,Compte epargne,1664,2020-06-09
5333e04b-6770-4f8c-a4c9-002ab370af12,ba9c8a9f-4afe-4071-8b52-8d4a5489c64b,Compte de depot a vue,2743,2020-09-02
67b2ae7e-e266-430c-b31c-346fbf90cc49,46d53a0d-208a-4383-9cfd-9090ce0d21db,Compte a terme,5454,2020-04-08
852521ce-aaaf-437b-9458-7bba2388d13b,e9620514-bf0e-45dc-881f-1b18239eb29c,Compte a terme,7035,2020-07-15
5506e0ed-88e8-4a3f-9d45-9e08bdccd7e8,deaf65c8-a060-4773-b465-8ffabd9318a1,Compte cheques,6406,2023-08-12
3679581d-7ee0-41d5-aaf3-ad4c68a21f58,e15b4bc8-05b2-4b78-99a5-43c4d96bb553,Compte a terme,5756,2020-04-16
8114853e-9c25-43a6-9006-f79800017511,8232b4e8-68f1-45ad-b283-848b7bf6a97e,Compte epargne,2924,2020-11-20
030b36ba-f606-4b47-9b9b-83d2f74a914b,5bde8613-a9a2-43a9-a3fc-db8cedf42c0a,Compte epargne,4121,2024-02-01
5b722cbb-f5dd-4443-b11c-87d8a8edd7d4,0a5ff1eb-9600-41ee-93d5-37a945d1f9d5,Compte de depot a vue,9968,2020-02-18
60d05f04-9581-4760-ac6c-a797da05885d,9d692a65-a61a-4682-b659-2398a04ba81f,Compte epargne,772,2021-11-11
ce55f9a7-4ee0-44c1-b411-5d8e4e1c6bb3,231b0e46-d8ec-4db9-8a27-ed4008ad1d1f,Compte cheques,774,2022-09-19
731edd6e-d475-4e8f-af10-c15b818252c6,11f28623-a7e7-47d9-a9f7-c09ecd0a6b42,Compte epargne,5426,2022-12-03
95a41053-f9f5-4c82-9a13-d1241754e0d6,fdd472b6-b142-4455-813d-1d5ba958ef8e,Compte epargne,314,2021-01-03
fc00f44a-877e-4928-8a4b-5ea1e7c8e23a,16763d64-466c-4107-a24b-c3be07e33fa3,Compte a terme,8197,2021-08-12
da9081f5-c5df-46d6-84a8-3bf430efbf50,0557880f-3e67-43ef-9003-9474dfe93300,Compte courant,5596,2023-04-28
f728bc82-7bb3-42b4-a992-0280b0e23b18,de90812e-0915-49a0-898d-9f9100a6afb8,Compte epargne,5674,2020-05-24
02df11b9-2106-440c-8536-d2b1f7bfc40d,40111da9-4780-46b6-beb4-4d8bc58ac12c,Compte joint,7193,2021-08-17
2009b0cb-72b4-4374-ac5d-5401cfa49e28,1bdfa00a-42e0-41be-bd15-fe74f0fbac01,Compte de depot a vue,8847,2021-05-24
ad201efe-4a51-44a7-8069-48368ef82f03,e19cb911-04f8-41d8-aace-ebea6c6e23cb,Compte de depot a vue,8077,2020-04-01
e15b7125-2bb0-4340-b3f5-240aee279175,d34b3578-6969-42a7-bf22-2a92a37146c6,Compte de depot a vue,8913,2022-01-25
566cdba7-025e-4387-88d2-8a9a68b42972,5e693893-0973-4ad4-afe4-508e6c9272b4,Compte de depot a vue,6230,2023-12-11
72da6c1d-01be-45a4-b16a-b32f61196add,6df133ba-15b4-4b53-ab16-46138f6333c0,Compte a terme,2489,2021-01-08
4f75df22-da71-4e00-8510-5c0f0fcb1483,9e9fd127-e1d6-47ff-b6a3-3eed2f5ac5b6,Compte courant,1722,2020-03-29
a2d94d1f-5310-410d-a261-f4004814e3ba,4ec06f45-eb09-4267-8b03-2c14b3441732,Compte cheques,9414,2023-02-13
81bbd5f8-fc4a-4870-9af2-2cd4fd36a287,318d77f2-f1d7-49db-960c-2ffb3c84d0bf,Compte de depot a vue,5180,2024-02-06
99321c38-a202-4c3e-b64d-90e0d2b2a2ca,cee0b447-9b67-4fcf-88a5-3e2a9131564e,Compte de depot a vue,3485,2021-04-06
b6c50924-68ad-413c-a2d6-45398a7cbeab,9233bb41-296d-418e-ba14-84f75d0aa6d1,Compte de depot a vue,1747,2024-01-14
ca84f317-8661-46bf-b163-a1c901abeae0,ebcece7d-c4f0-4fdd-8d97-ed1d8c776382,Compte epargne,2207,2022-05-29
a3910da7-7d03-4453-adcd-b73f9e724078,a69b35fc-8157-431c-8ca4-f3d4ddb86857,Compte cheques,7103,2022-07-04
e79d711e-853f-4bb3-9bbd-c441469a6c8c,018384b7-64c4-43d0-a9d6-b14aa08904da,Compte epargne,6743,2023-04-19
962cab15-64ef-4bf4-90e0-2d35c75fa444,d09164ec-d4bd-4322-931a-69a37de4cf95,Compte a terme,8239,2022-04-13
60731ad9-026a-4924-8031-70e82cf4e466,28167130-0d3c-45d5-9612-b44c78cae1a8,Compte epargne,4552,2023-04-24
30193949-f459-493a-adb3-ab81a2bd800f,60b8e5a6-46f2-4241-a01b-8a30a39bf896,Compte epargne,7548,2021-10-11
d8fb0363-dcad-4617-8815-c2a1dbdba5dd,e8d8d796-9650-4593-96bb-f3413d5589c6,Compte cheques,7926,2023-02-15
2b89d447-ff2f-416e-b5be-69482061131e,515fe474-1264-4542-ad18-43d43d273cce,Compte courant,6199,2023-04-20
95fb5c6f-0eeb-4e15-a7e5-17be2ea8069a,41a6c421-1692-45a6-86c5-bc3065a1d558,Compte cheques,3582,2020-07-30
f7b0c9f9-b1b9-45b9-8f9d-05c04fd8c7bb,878a740a-affc-4050-ae83-4addf0a8aafc,Compte de depot a vue,3033,2020-05-06
b076085a-366a-492c-afdc-cda2ebe65435,41b3a391-3ed6-48ef-855f-0c9c152f9532,Compte epargne,3194,2023-07-01
b208d820-574d-4e37-b905-e8fd8df3041b,d215e596-335c-4c70-8eef-7cb246fa9501,Compte de depot a vue,6556,2020-11-30
fd637da0-e110-4b54-a10a-8f2df90c0dc1,a9f2a0b7-23ee-4577-945a-6cba6f354047,Compte cheques,5326,2022-02-01
716468cf-6daf-4a64-b0a5-bd3abff4797a,00cdc8db-208f-4952-aa45-d5f7a6851f39,Compte epargne,1794,2022-09-03
6ec54431-60bf-4a18-b1af-573fa720c86e,9935d5a8-0a5b-497d-9014-f21e0cfc5823,Compte courant,8616,2020-11-28
45c1d86f-26ba-4013-95fa-44b9b8fe1e9c,a5f60416-7c05-4d59-82ac-c71d72310286,Compte cheques,7290,2023-11-09
232c0002-5e3c-4bc9-a5a5-7282801a4662,e4177dba-02bb-4bca-be30-4119aa61d6d9,Compte de depot a vue,343,2022-10-25
8ff3519d-5e8e-46a2-bb9f-8ccd0bef28d9,aa675df9-72cd-4eb9-b9a4-4cba22801b27,Compte a terme,8274,2023-03-31
f3d5fa32-c414-47e6-b121-006feee79ab7,6bb74082-7581-41b5-9e46-da9b2cf91dbc,Compte courant,5582,2022-04-23
93aabb31-88f3-4118-978a-818e2921ca0e,e1e9a415-1db6-4739-a4ff-275242c2d667,Compte courant,3190,2021-11-17
aa158bfd-c27c-4c9a-b362-d719f0ef8cc9,b4f6461e-bf77-4123-b9bc-d658589c0362,Compte courant,9620,2020-08-30
6675d1ed-6cd5-473f-a321-c5e26bc53bdf,4c736ce1-26e0-4b5b-b38b-29ef12ce5a13,Compte epargne,5449,2023-07-11
028fb8f8-1615-4cc1-b3f0-023af1ae6c7b,d39524e7-3d06-4a74-bc7e-18ae83bf00ad,Compte courant,6237,2021-10-05
a7fb6cda-eee4-4408-ae85-89751ba2e262,c4771a7f-5c01-4d6a-a2b9-e1d9f242ba4f,Compte epargne,5842,2021-05-06
568815b5-f94f-4518-9f03-d2588ba4887e,d959e73a-3ab2-4d21-9433-779b8efc2400,Compte cheques,1453,2021-02-11
8677b228-26fb-4da4-ac24-e58c77e399e3,9086c557-c11f-4b03-9ecb-92e371e7b961,Compte joint,405,2023-10-10
bb3fbae9-ebe7-4139-9d2a-1768f84888c5,dd4c52bf-a93f-4ac7-8a02-717692a66ffb,Compte joint,946,2021-07-20
eefa0adf-6261-422c-8f71-d56f685d5294,143b5034-a404-43ba-9ed4-d0792f8baf26,Compte epargne,759,2020-02-23
c185b026-779c-4441-8fae-884b8cd06e37,77155d25-e577-482a-b84b-fb1020ad8c47,Compte cheques,1361,2020-04-01
7c411212-a525-4d8d-8293-1057eb4aae7a,ca6b39c0-2318-4b08-86b2-37a4f62884a9,Compte epargne,3536,2021-04-08
1b8444f5-1ded-41c5-8940-548f941c7708,09dc6473-dd1d-43b7-9be1-933435ae818d,Compte courant,341,2021-09-25
b5ba500d-63a2-478a-83cd-52fdcd89e300,58f51c00-89d5-46cd-a89a-8b4b6c0a2fc8,Compte courant,1260,2020-07-01
8bfb95bb-9062-4ec4-a062-9ca13f566dee,95be1853-4e29-4772-9cef-59a3b73960fe,Compte a terme,114,2020-08-25
3ed8ea97-6f5d-4ce4-a387-767bb2c6ca14,71235ec1-bd57-40c1-934e-4e858a5bf697,Compte courant,4173,2023-09-06
f6251bb7-e8e2-4ee0-bccc-4bdec5c33351,a79c5d24-e89d-4efa-9460-f73df37f5094,Compte joint,1683,2021-01-09
2155d741-4542-43bb-9a83-866d09bb161b,90368d2d-75e4-4555-bbd4-7ec9170f927e,Compte joint,3026,2022-11-28
491dd12b-3f44-422a-a20b-4357b256f8fb,c9522c6d-9ec7-4a35-82b1-5c01c194c50b,Compte cheques,458,2020-01-29
4ca258cd-1a80-49ef-84e6-1d817b60c5b9,a87a0c42-1439-4b1f-af94-12a19474ea2e,Compte de depot a vue,2735,2023-01-07
e49b0c5a-050a-4581-bc63-adeb14fae8f1,e9945f0d-36f7-411b-9ea8-6f6830c99826,Compte joint,5748,2022-10-06
085b2afc-64b3-4fe9-8c93-09d6834610c1,a2fe06a5-cf44-4c6c-87e5-241b1574caab,Compte cheques,720,2020-09-16
7e05607e-b7ab-4f34-be25-b3bfa3ba0a47,12a31502-ca79-48b6-88a6-324c2e400827,Compte courant,7874,2023-06-23
05b19a12-b03c-4a4b-b890-bc25cd723cd3,c60f3249-c5f4-4439-82e6-7c9d87be77bd,Compte epargne,7346,2022-09-26
a1bd02cd-48f9-4ec1-b70c-a7ea495433a7,05313bf7-9325-4535-bee3-19db2b839fed,Compte cheques,3076,2023-09-26
be4cd1e9-7e22-41d2-a122-e5f27c844d4d,54b4d20c-5813-49ab-bd93-f8840aa77eb2,Compte cheques,7962,2023-05-22
943f2099-8e93-4b8a-9339-025be3a69a24,fe9ee485-fe68-4deb-a337-0bf95877f162,Compte courant,3557,2023-12-14
dfb0595b-1cfa-4989-af0d-6a4dad6f58e1,619e545b-bb61-41b1-9540-dc3e92cdef6f,Compte a terme,5298,2023-08-24
985dd545-dea2-4379-8011-d16975574ee0,eb9c7563-3dc2-422a-a3bb-813518abb570,Compte de depot a vue,5271,2022-07-28
517f744d-3c40-4c9e-a20d-47ad50d0c2ea,441a0795-27fe-4b0e-9827-1380b6df0728,Compte cheques,6547,2023-05-04
12a493f8-9ba8-46aa-a1f8-de7d525a58e1,04724908-5137-493e-92e2-387021f19e3c,Compte epargne,7288,2022-01-01
636e5152-bfb8-40dd-bfec-f1ccb5a07636,e5a9f239-bbed-4d6d-9552-3a98ef9346ef,Compte joint,8284,2021-04-29
bee66ae3-0ace-47ad-8b58-d6f010483038,d527dc51-849e-401e-a3cb-3499a05468ca,Compte epargne,8819,2023-01-24
f1ccddfb-6e31-4baa-9ec6-7434cc46252f,b0ae0088-0c5c-4ff9-826d-05cd8afcd9fd,Compte joint,6500,2022-03-28
dc9a677f-4fcd-466b-936d-9e80811c809d,8191823e-3557-4818-afa4-7ddcb0f08686,Compte joint,4083,2021-10-10
45076c4d-8d54-4877-875e-29b83d1ec50a,eee84330-2b12-432a-9f36-82dda0a29c90,Compte joint,2108,2023-03-12
d2ec9f65-b712-43be-806a-f3967fe8abd0,eb6e2ea2-39a8-4af3-bff6-1ba99b7a8608,Compte courant,3207,2023-05-03
48e89a10-45fb-4f64-b28f-3633ad76ebf3,24fdb914-8e32-4103-9048-e15f9cb2e3ea,Compte epargne,1055,2024-01-27
4ab33e35-214c-4d9a-93e0-47e72aee81d5,d84eab02-5853-429e-969a-689d2296d904,Compte de depot a vue,6074,2020-05-29
78e9f3c8-6217-439b-b8d9-f5146ef135d2,4d16a63b-b216-47dd-b315-fb509bcca160,Compte courant,1710,2021-12-04
1d282bc0-298b-4df2-ad49-0310c5591ac2,14757fcf-ce78-4dd2-a5bd-c1a262f6aab0,Compte de depot a vue,9707,2021-02-02
f0f4d0b3-a38a-4f26-b6f4-deca3bdf1e70,589ec228-893c-458c-9f52-c07e971a8840,Compte a terme,449,2023-04-23
76a720ae-21f7-44b7-ad58-94e39ab0bcd5,496474c6-8b95-4f0f-be61-f32258da3fbe,Compte cheques,2339,2020-02-20
c59a2063-f2f6-4034-8642-aacfe771f687,ed9ed6c6-38c2-4cbb-886f-bf2e853fcaaf,Compte epargne,184,2021-11-25
1ff8c9cc-409a-479d-a10a-ee83a013938f,5d1c9857-f002-4e3f-808c-f6f2fe6037a9,Compte cheques,2853,2021-01-16
c772a537-dc19-42ee-815c-68232744ccec,bae0318b-1b98-4bba-a629-34c6b8f3ae05,Compte epargne,5269,2021-05-24
020b229d-c481-46a9-be87-ddff7c809f80,6ddc3759-9090-4344-89d2-04cafc9bc402,Compte joint,4875,2021-11-03
d33dda31-0f77-41b7-8b11-e30808003a01,3fb75447-81be-4ecb-9fe9-63d5520799ee,Compte joint,9710,2021-04-16
40433a8a-50ca-4bef-b3b9-e451b7b131e6,82059b9c-2972-4587-abe5-763f76905d3f,Compte cheques,8635,2023-04-15
db380b40-d4de-4137-8546-f02181c0db10,0d536fd5-92f9-4e8b-93e8-ac85b9dc385e,Compte de depot a vue,4316,2022-06-15
3c5febd0-60f9-4ce2-ab72-839740f63ad9,cd51a641-f7d1-45f1-9fb9-72e7be363c97,Compte de depot a vue,772,2021-07-31
c6fa4122-b426-4a63-9132-32a80defc22a,dd834cb1-bcbd-477c-bc4e-5e3ae1af7cec,Compte a terme,2936,2023-01-04
afe95fa0-adec-493f-8049-5f7c0d3ecaec,705a3c2f-2649-4fd5-9b51-d9ff06b6fc06,Compte de depot a vue,9619,2023-08-08
4d672b01-1e06-4778-94d0-6d552b39b095,fbd6f833-6638-4611-b3d1-ea3b689652d7,Compte courant,597,2021-09-12
10daa301-152e-4431-9224-01d96e362074,355d1ebf-1bae-433e-b5bf-44ad5236c71f,Compte a terme,5060,2020-02-17
92b5f1eb-6b70-4324-9011-c01f18c6e8b4,573a0385-a6f6-407e-bec5-c6485926be3b,Compte joint,3423,2021-07-01
9bca890b-be54-438c-ad0c-de81e72d9f0a,36affb11-f329-4e90-b50c-fdd5e3c645b1,Compte de depot a vue,342,2022-11-29
43b680ee-6589-4d1d-8d0b-c60b5fd22dbd,6348e499-fa6f-41c8-896c-f6c5db8568a2,Compte a terme,3545,2022-08-21
6c21f27b-2477-4aa2-aa23-1b446f626835,164d501d-fa93-48de-946f-7d4b82f64d52,Compte courant,4147,2022-07-07
fe8e80f2-3298-4ae9-adef-06cc754649ec,cf3110d6-88b1-4439-90e2-3de594d1f664,Compte de depot a vue,1551,2023-08-26
6a38e570-89f3-43d1-8633-92f7cf9b6f01,27e2c91c-7e31-4e75-b613-46aba383e178,Compte cheques,4880,2023-02-13
6b90e6ab-9e77-4f83-a80c-8b8de5e39cd7,79186c15-9c26-4599-a05a-3386f51f56b5,Compte epargne,2677,2020-12-25
fcd295a9-9b37-4b12-a503-2409e8d6cfbb,aa9d3f6f-41d2-4d9c-8e26-2d2a4ce65342,Compte cheques,5573,2023-07-23
8a1b615f-c294-4207-955a-f6ac1da2c1b7,e7e562c6-6539-4776-ab6a-b9ce16ee1593,Compte joint,5663,2021-02-28
936174bd-6846-4403-ae02-736c5d4b871e,1cc3e803-a3ed-4d7a-b313-c3ba6d87def1,Compte a terme,6197,2022-01-09
752ceb6a-36c4-48a7-aa6b-e6ddc3325579,4baa2022-202e-473c-9daa-e78b9d3a6108,Compte joint,4665,2020-08-01
6340099a-f30f-448b-b666-da590c571365,7a6881b2-ee72-4dcf-a88b-a95e439324c9,Compte joint,6108,2021-04-20
6390dc02-f2b2-4ab1-a1d6-c012623e37d8,367c2e40-8e4a-43f7-af67-71c1ea168b38,Compte joint,520,2023-11-16
86b07900-cd2f-45e8-9489-e28513ec16f7,2ce6a371-f3a5-4eaa-88aa-d85dd1d938f7,Compte epargne,4095,2020-12-13
d9972407-4af7-44f3-afeb-82862b2ac0b4,8f2850b5-487d-4cde-84fc-2fbe435ceb10,Compte a terme,7731,2021-08-01
5779dd6d-789d-4a17-af3e-dcd980ca7af3,a8050dd4-efc0-44b3-b433-25dc5a0d0c4d,Compte courant,2740,2022-03-27
473f33f7-6f45-4bb0-90b7-5a6366232016,a445224b-afef-4876-9d39-939b5b4361e9,Compte epargne,606,2021-09-30
e3f6f4ad-f501-4087-924e-98009ca151a2,843b58b4-6dbf-4215-b89e-9ddd34456dbc,Compte a terme,7350,2023-01-25
916dfada-9018-4282-8f77-3c70edac7783,a2fa8a75-a88a-41ca-b9e4-b958ac859f65,Compte cheques,1944,2021-05-28
98313639-b481-4b99-bef9-787e2477de7c,761d2605-361c-4da2-8bf2-987c49a8f85a,Compte courant,9519,2020-01-06
7f5675af-29a1-46b6-a366-edc84843a65e,c00c9618-90c0-4112-ab1b-762d0cb8a305,Compte cheques,6294,2024-01-24
6d7a86c3-145b-4501-abb1-e12785a7739e,bd03cfad-fe59-4c91-90b3-5d53708af4a9,Compte cheques,7865,2020-10-02
f6d0ddf6-3a29-421a-af23-577b04fe213f,6471d99b-075e-4c82-9fa4-d174a73189ea,Compte epargne,7139,2021-10-20
5db640c8-7e49-4df8-818c-e0876dabdc0b,353f9daa-b7e8-4c92-906d-a2c6e35f3a3b,Compte epargne,6802,2021-05-05
e1f52303-204a-4bdb-a9b8-34a97b7a076b,ecae9637-66e4-41b9-bbd4-1d95e1a23191,Compte epargne,8486,2024-01-23
f6746a77-8d5c-4d64-bc23-4fc31c8b2a09,82167a2b-611d-4fce-86ba-553fd617d717,Compte cheques,5285,2020-07-25
ff07c487-d67e-4335-9361-df23eada17b5,cef1b365-511f-48d3-95b1-e1ef22d6b6b0,Compte a terme,4170,2020-12-30
bae9dead-3a17-4b71-9a56-39ce0e35714d,d3fc2c04-1eb1-42fe-9729-edd1725e5233,Compte epargne,5753,2022-08-19
892afda2-5e3f-451c-a9f0-ffe160cd2990,8b4fcfd7-51c9-4827-8c20-6b71836a675e,Compte courant,9356,2021-02-17
96c704aa-06f1-44da-a5c5-f063ff43906a,308e2d29-fe58-4cac-9ab3-3170d3064b7f,Compte epargne,3057,2023-11-17
e7a39ecc-6e1d-408a-b6f9-98d54181dbbd,4839baf2-badd-46fc-8f44-160fa1cc895c,Compte courant,295,2021-10-19
c4d29a84-aee5-40c1-85eb-a939df2ac80b,03a9461b-4346-4083-87b5-cfab3a1df85f,Compte courant,4679,2023-10-08
7d45b58f-420b-4fc4-98a7-c7adba8c67a4,c379e2b2-cf92-4f15-b76f-6b24b76f58d8,Compte a terme,9882,2021-02-24
2e4c5194-4d67-4bf3-a666-e75f6b7fc4d5,a0b78f46-c7fb-4439-847f-6a5887d84cb5,Compte courant,8021,2022-03-06
4680eb8c-267f-48c8-83f3-67b78a742097,caebdaf3-029b-453b-bf95-a093544efc06,Compte a terme,640,2023-05-10
0f39fec5-b65b-4c00-944b-62921f39a60d,7da5bc14-4e8b-48b3-bf2f-87ed6cee0dff,Compte de depot a vue,8821,2022-09-01
21928e81-abec-4aa0-8d0f-822033d2469e,aa72af28-056a-4053-bb2f-2cf3d41e725c,Compte joint,6853,2023-06-15
110b041d-ab4d-4522-8bb6-99cd953e555c,d71a422b-a199-4d4d-81ef-e8d5fb2f9cc5,Compte a terme,8811,2020-06-26
4b3e7310-a798-4039-98f7-4013ce35147e,92cc3d9f-aeac-4c94-823a-b78601cd3f5e,Compte a terme,2064,2020-03-14
96baa4d7-f724-4846-b949-958ea4fce54e,43da1a44-b541-43f0-be84-7c37e3b06a47,Compte courant,5562,2021-06-29
5698a384-bb5b-4eb6-8d9b-9116705f281a,00683c98-b7d0-45c6-8d61-d32cfc197b3d,Compte joint,6119,2021-04-25
182abb71-2ab0-4d9a-ada4-a622a646bbb8,d20c6b8d-274a-40c1-b824-24170e082d3b,Compte a terme,4245,2022-11-25
e92e80e2-3c86-4a44-be8d-fdf73444503e,90a651af-e0cb-4780-aea5-f6fd101fb58c,Compte joint,6734,2022-08-10
1112b7cb-2ebd-4e34-b7ed-2302308cbfcc,241e3578-a2ea-4f88-9a7f-84e68143aab2,Compte courant,5889,2021-04-17
4f6552b3-d5e2-42cd-b8b2-7be8b26112f4,66af8a85-f1f5-4f16-bb1a-a03c632679f3,Compte cheques,5067,2022-10-27
2ae1d062-c621-456f-a29e-482d0e341594,209648b7-0566-4fbf-98a8-8d5095a99907,Compte de depot a vue,289,2021-10-13
7a9037e1-05bd-4879-a060-33f5f7e7b2a0,bd1a322f-cfb5-4989-a44e-d403610e9509,Compte joint,2168,2023-03-16
b5a73142-cb0b-4b13-98b2-15f10470aeac,87ef3946-942d-4142-8cc2-5e6377264b96,Compte cheques,8938,2021-08-30
48efc19b-2196-499f-b221-fe439939beef,cb03ec6c-c9a1-4087-86e0-bc2247607e8a,Compte epargne,1217,2023-03-25
ddc59f01-5944-42b0-af06-dfac28dcf935,4ac4a371-24b5-4528-ad79-57f6753d17ad,Compte a terme,9417,2022-05-18
c0f3dffd-e0aa-4c51-9e66-77d303bb1af7,3a949a87-f639-4191-931c-929b322ed2bf,Compte epargne,7255,2020-12-25
be741737-7e89-4ecd-9f2a-db6d5f85bdfa,3dba4710-8f57-4f86-b616-5647bd2f8c58,Compte epargne,2898,2023-08-10
1572cb7e-81ab-42b0-ac01-18576a3aaa81,cac71b48-070a-4cfc-a6e2-965a61fd3f8b,Compte epargne,1816,2021-09-29
f944618c-5664-4122-9068-90c1271057d6,b6ad5d6a-d9a1-4555-baac-801694f7f454,Compte epargne,3880,2021-11-26
edfd0d44-e2c2-435b-8c79-4628680131fe,c658a745-9003-4132-957d-768efdfa07fc,Compte courant,4926,2021-08-07
87e9a327-bd6e-4b1f-a0e3-290c987cf6a5,9cf3ee06-c4a7-45ad-ad41-012c676e3c61,Compte a terme,9958,2022-08-28
6c27c5eb-3352-49c4-a331-3ae6c2ff4566,b6ddc178-f776-4c1d-a381-fd5f49511953,Compte courant,4629,2023-01-11
d7fcaba8-f1f5-42b8-ae4b-e80b587b0a89,4ec4f3dd-0458-4941-8d50-ea70452c07b4,Compte joint,111,2022-04-14
5a97c109-ea50-4f6d-b5d8-01e563b0d97a,cbbc0d51-066c-4bb4-b869-34996fa48c21,Compte epargne,8743,2021-05-10
6ada11d6-d44d-4493-9a58-6a012f933db2,2a9eadea-a572-4bb1-a217-df19c0b405fc,Compte de depot a vue,6856,2022-01-15
2d930161-10b4-4bc1-97bf-fe5bc1205421,4fdc6163-984d-4725-a466-4d5fb38a484a,Compte joint,9703,2021-02-01
89007526-6f5d-4bce-a764-1ca9100a964d,cf2f341b-8471-4e49-a360-5b8efa01dccb,Compte a terme,3069,2020-01-28
52c0e313-7451-49de-83b0-52d64ca485de,b8b833a7-2e52-4842-b357-76a44fa8ac10,Compte joint,4013,2022-03-17
8ff37145-af99-4095-980a-91b6e56c0f4f,751ca12c-9b66-45f8-81c2-6b097ec00959,Compte de depot a vue,6848,2021-07-04
e1bf14de-ba27-45ae-87ee-95be9c5de718,557ae430-b598-4959-83bb-deb145560611,Compte de depot a vue,795,2020-01-21
d8cd422c-e4f8-4036-9844-75b35ce87ecf,f749ef91-6191-4d4d-b138-a9bda2050d12,Compte cheques,2566,2021-04-04
718dbc4c-303d-45f3-b60a-9c6c85fd041f,d0b28b23-2169-4160-8546-5cd8290da7d0,Compte joint,2783,2022-01-25
2a9d0896-2c3b-45bb-9e0f-3e95af236a49,ee3b194f-1cae-410c-a75f-31f05f8b2ab2,Compte a terme,3308,2023-12-22
1347e32b-83d6-47a2-ad17-eafb61789907,c7aefef2-fcf0-4635-93ff-0aa79e8d821c,Compte cheques,6520,2020-11-01
