ID_agence,nom_agence,Addresse,Telephone
67c189eb-f2fa-41fb-9083-4513e7805182,MOHAMED V,"SIDI RAHAL PLAGE - Sidi Rahal, Chatii n° 31 et 32",+212580399828
36130b51-5faf-4887-9524-e8c38774c9be,BEN AHMED,"OUALIDIA - NAHJ HASSANI II, OUALIDIA",+212599894683
c773d446-6bf7-4e6a-a13f-c2e30e972296,IBN KHALDOUNE,SIDI OUASSEL - ROUTE SIDI OUASSEL AVENUE BOUJDOUR SAFI,+212503680716
7fde204e-b1a1-4d6d-8be4-c4a9a3fc34fb,TATA,OUMI RABII - Boulevard Mohamed V N° 230 Azemmour 241000,+212507532469
cc940aea-e7ca-4d72-84ab-c9f07db60abe,BEN AHMED,"OUALIDIA - NAHJ HASSANI II, OUALIDIA",+212593685194
d9a295fd-9c1d-461a-801d-af46acf8e109,OULAD TEIMA,TAZNAKHT - CENTRE DE TAZNAKHT,+212572123803
a3efe526-1721-4b8a-ab02-6fe712b7e5f5,HASSAN II,OUMI RABII - Boulevard Mohamed V N° 230 Azemmour 241000,+212536540461
62752d9e-d314-485d-bb0c-ad46f10d9745,MEDINA,IBN BATTOUTA - Avenue Ibn Battouta qurtier Bled El Jed Safi,+212566393739
5bcd286c-65a4-4615-adbf-5418231c1df9,HAD OULAD FREJ,LIBERTE - AVENUE DE LA LIBERTE,+212518887600
0d1140f2-4851-48aa-bde3-f4db3bae2f5b,ZAGORA,ZAGORA - AVENUE MOHAMMED V,+212544255266
b3709785-30ed-4a11-9e62-a8478773dafb,ESSALAM,EL BROUJ - BOULEVARD MOHAMMED V,+212592304321
7473a872-9918-4844-985d-df3e0a9fcc43,BEN AHMED,LALLA ZAHRA - Angle Avenue Echouhada et rue Churchil El Jadida,+212555606308
89da6bcd-82ee-4cbe-9474-9258ae22accc,SIDI OUASSEL,HAD SOUALEM - ROUTE EL JADIDA LOT SAHEL .LOT 209.,+212504165055
4b9febff-bf55-46a1-bbbe-b430f90857e6,DEROUA,TATA - BD MOHAMMED V,+212501961949
b672ae2a-abfb-4cae-8751-77f905c93134,ZAOUIA,TISSIR - Bd Hassan II lotissement Halima lot N° 1 Berrechid,+212578455320
fae22153-6bb4-4462-992b-846779871388,NASSIM,ANNASR - 64 Quartier Moulhia El Jadida 24000,+212579502363
94977247-29a9-41d4-9484-38dae7e5be50,MOHAMED V,OULAD TEIMA - OULAD TEIMA CENTRE,+212537899392
cada7e9c-92a4-46ed-a321-75f8e21c7fa1,EL BROUJ,KHEMIS ZEMAMRA - ROUTE DE TNINE GHARBIA 24200 KH.ZEMAMRA,+212516468394
02f2b85b-f680-4f08-826c-6098019dfe4e,SIDI RAHAL PLAGE,TAZNAKHT - CENTRE DE TAZNAKHT,+212503207161
354441a2-2eea-49c8-a2ad-3ee9518c8fa6,BIADA,LIGUE ARABE - 7 Avenue Mohammed VI 24000 EL JADIDA,+212579374000
fb932120-5cbc-49ff-b674-d9ce84ec62ef,KHEMIS ZEMAMRA,MOKHTAR SOUSSI (MRE) - AVENUE PRINCE HERITIER SIDI MED BP:44,+212594032961
4b7c7974-599d-48b6-b41d-73bd733b324f,BIR ANZARANE,SIDI OUASSEL - ROUTE SIDI OUASSEL AVENUE BOUJDOUR SAFI,+212534255313
fd874a12-7f4e-4ebf-aabd-efb4c3a84152,HASSAN II,TATA - BD MOHAMMED V,+212577330579
9144301b-a654-4902-80b2-2416c6d7cc3c,L.HNIA HAMRIA,"OUALIDIA - NAHJ HASSANI II, OUALIDIA",+212524602548
53236cdb-c98b-49d2-b079-eb47a9b53c27,KHEMIS ZEMAMRA,ESSALAM - N° 77 quartier Essalam 24000,+212585741202
23a66db2-fe6e-46ad-ab4e-2c283d157975,LIBERTE,L.HNIA HAMRIA - BD DRISS BEN NACER,+212588112348
87c8d270-e99a-40d6-85ba-db121f02e2c6,M HAITA,EL BROUJ - BOULEVARD MOHAMMED V,+212581843404
f46c4c06-ab7e-420c-b319-155f857959af,MOULAY DRISS 1er,"MOULAY DRISS 1er - 26, boulevard Kennedy, Safi",+212533020334
d2976bfd-e319-4b86-a590-3fd85c9e54c8,MOULAY DRISS 1er,HAD OULAD FREJ - ROUTE SECONDAIRE N° 105 24300 H.OULED FREJ,+212589777861
724041f5-be4c-48b7-aaef-388e0a382dbb,OUALIDIA,ESSAFAA - 6 BOULEVARD MOHAMED V EL JADIDA,+212578083841
8c717280-c845-4288-9b31-09e58227992b,LALLA ZAHRA,"MIFTAH EL KHEIR - Bd, Fkih Haskouri route Had Hrara Safi",+212511097948
967e1f4c-da33-4cd1-bf6f-db7f35da2891,OUMI RABII,BEN AHMED - BOULEVARD MOULAY ABDELLAH,+212532435115
b3669ccc-9b5f-4e44-a5e7-04a4df5b5f53,NASSIM,BIR ANZARANE - Avenue Bir anzarane lotissement zone d’activité économique tranche 1 lot N°68 Youssou,+212552829216
87ffb43b-2c42-4ba0-b108-b3ea2c72f411,JAWHARA,"OULAD SAID - Lotissement El Kheir, Lot n° 36 – Oulad Said Centre – Route secondaire n°105 – Province de Settat",+212531175754
3f160d20-f40f-4b18-a1d6-cc4f2fc47986,OULAD TEIMA,"ZAOUIA - Quartier sidi Ouassel, Safi 46000",+212562485820
d7e5c186-f7c7-471e-bd5f-df50b7457b43,ZAGORA,LIBERTE - AVENUE DE LA LIBERTE,+212575522554
9668554e-737c-4db9-adc8-20afe3089ade,LIGUE ARABE,"ZAOUIA - Quartier sidi Ouassel, Safi 46000",+212502163318
db4753c1-f88e-4d87-bb93-12061352d78d,R’BAT,BEN AHMED - BOULEVARD MOULAY ABDELLAH,+212548398724
081453db-ce2f-446f-9516-a3885a2e74e5,ZAOUIA,MOHAMED V - PLACE MED V V N BP: 175,+212564459848
48948165-837a-46d5-8f46-fcddc1384f70,TINGHIR,BIADA - Rue Atlas Quartier BIADA,+212574622180
57b8be04-b592-44ce-8fab-71666e3fdcf0,BOUCHRIT,OULAD TEIMA - OULAD TEIMA CENTRE,+212505223069
bbe4595c-0f77-456e-8e18-8dffc475d7ce,LIBERTE,SEBT GZOULA - ROUTE KHEMIS N’GA SEBT GZOULA,+212594220860
4bb9c01a-7d9a-4f63-a99f-0c66f6b530fb,TISSIR,"NASSIM - Bd, El Alaouiyines, 33 lot Nassim III El Jadida",+212565724019
a9d7febc-bf46-4d09-b349-308cbab64d61,TAZNAKHT,"SIDI RAHAL PLAGE - Sidi Rahal, Chatii n° 31 et 32",+212526545081
9572bc77-e381-435a-b3f6-42d4deaaedcb,HASSAN 1er,SIDI OUASSEL - ROUTE SIDI OUASSEL AVENUE BOUJDOUR SAFI,+212529395802
df5f7145-5602-4644-acd0-74bafed5e0d2,OUMI RABII,ESSAFAA - 6 BOULEVARD MOHAMED V EL JADIDA,+212583081432
2f29c203-aada-4b70-bf78-a41a7c37f718,HASSAN 1er,ESSAFAA - 6 BOULEVARD MOHAMED V EL JADIDA,+212518326638
53c6ea1a-fd19-45f2-8f24-9734fc8692d0,OULAD TEIMA,"ZAOUIA - Quartier sidi Ouassel, Safi 46000",+212561953565
60dc9c29-94ba-4fca-a35e-d476d7312bbd,LALLA ZAHRA,"OULAD SAID - Lotissement El Kheir, Lot n° 36 – Oulad Said Centre – Route secondaire n°105 – Province de Settat",+212541169635
b222ce3f-d1de-4a7c-88f7-d2e0f093a35b,IBN BATTOUTA,"MOULAY DRISS 1er - 26, boulevard Kennedy, Safi",+212536763783
3b29cb05-f091-4c4c-bab0-781ce5321691,OULED ABBOU,"SIDI RAHAL PLAGE - Sidi Rahal, Chatii n° 31 et 32",+212548286578
9d1e71c7-6cc5-423d-9950-3b284978f86e,BIR JDID,ESSAFAA - 6 BOULEVARD MOHAMED V EL JADIDA,+212540301433
5a10b6c8-4064-4800-a345-fbfde3023cda,TINGHIR,"ZAOUIA - Quartier sidi Ouassel, Safi 46000",+212518053812
b4a6d162-f946-4d19-9ffe-b4b44f354fd6,JAWHARA,AZEMMOUR - Bd Zerktouni Azemour,+212512186375
fb9ca46a-17d2-4cfb-9024-cca95fe6f90a,OUALIDIA,"NASSIM - Bd, El Alaouiyines, 33 lot Nassim III El Jadida",+212567950389
20dfba63-d0bd-4e4f-966c-d09009af8de8,LALLA ZAHRA,HAD SOUALEM - ROUTE EL JADIDA LOT SAHEL .LOT 209.,+212527982450
6c3592f0-6916-4cd5-bc66-df40d90e49af,ESSALAM,EL BROUJ - BOULEVARD MOHAMMED V,+212500363807
281db84e-cdcd-47da-a88a-e07ec1bf1774,BEN AHMED,MOHAMED V - PLACE MED V V N BP: 175,+212571766892
c485cc57-cbc1-4f2a-a900-2ef66113c535,DEROUA,EL BROUJ - BOULEVARD MOHAMMED V,+212504136530
66f18c7d-7c76-40e1-8cc9-46b0167d691b,TATA,"MEDINA - 2, rue Ben Simon place Moulay El Hassan 24000 EL Jadida",+212526116536
51dbc4e6-e46f-4d0a-b738-97a1e305c41b,BERRECHID,"ZAOUIA - Quartier sidi Ouassel, Safi 46000",+212585875149
747f3d05-d65b-4101-af96-8f9945774b76,NASSIM,"SIDI RAHAL PLAGE - Sidi Rahal, Chatii n° 31 et 32",+212519315466
da18461e-1841-4896-bcf1-fe0a036a8a14,HASSAN II,BIR ANZARANE - Avenue Bir anzarane lotissement zone d’activité économique tranche 1 lot N°68 Youssou,+212549421162
b51cdd85-cfa4-4852-91f0-18834c7b9b29,BIR JDID,"SAADA - Zankat Charif Idrissi Quartier saƒda, EL JADIDA",+212544567150
e50d3c06-6fd8-4133-b0e8-6e79f5be5f37,HAD OULAD FREJ,BIADA - Rue Atlas Quartier BIADA,+212542709204
d8641aaa-570c-4d75-b36f-b04cfc1726cb,BOUCHRIT,OULED ABBOU - Bd. Hassan II N° 12 Ouled Abbou,+212565661714
8d980078-4cba-498b-8e09-26531294c6c9,NASSIM,BERRECHID - 34.AVENUE MOHAMMED V,+212574876097
9bd2893d-fa76-49eb-b41c-326f09034ec5,OULED ABBOU,"MIFTAH EL KHEIR - Bd, Fkih Haskouri route Had Hrara Safi",+212534772920
921b97c7-3506-4177-8f51-bd9b015868b1,BEN AHMED,MOHAMED V - PLACE MED V V N BP: 175,+212553739014
4a0e82bf-371b-42b6-aa16-e66c81e877ed,OULAD TEIMA,SIDI OUASSEL - ROUTE SIDI OUASSEL AVENUE BOUJDOUR SAFI,+212581133825
d47a2612-a5da-4b42-b070-2d071099dfed,ESSALAM,L.HNIA HAMRIA - BD DRISS BEN NACER,+212555294097
61198983-feb9-49fa-967e-3cee11c9b3fa,OUALIDIA,"MOULAY DRISS 1er - 26, boulevard Kennedy, Safi",+212577663498
129e8294-fbeb-451c-8b77-6f73218a2e08,BOUCHRIT,AZEMMOUR - Bd Zerktouni Azemour,+212581307712
e17ea24b-78ca-4b49-a8d3-998d02a0aa81,SIDI OUASSEL,LALLA ZAHRA - Angle Avenue Echouhada et rue Churchil El Jadida,+212580865536
9a96366e-a336-449d-916c-b794386d685d,SIDI RAHAL PLAGE,OULED ABBOU - Bd. Hassan II N° 12 Ouled Abbou,+212595262690
abb71e2a-8dd6-4b6d-9326-38fb33914bd5,JEMAA SHAIM,HAD OULAD FREJ - ROUTE SECONDAIRE N° 105 24300 H.OULED FREJ,+212501422011
24d63fa6-be26-4272-ad54-33c8a7e6a212,TISSIR,OUMI RABII - Boulevard Mohamed V N° 230 Azemmour 241000,+212564329011
612e9268-ad06-4551-9d96-f5168a84ac15,MOHAMED V,ZAGORA - AVENUE MOHAMMED V,+212562153290
73bf3524-fe08-402f-a7d6-c824e71ae442,TATA,MOHAMED V - PLACE MED V V N BP: 175,+212547817142
9ddbf205-3996-4b43-aabc-1fc2831032b5,JEMAA SHAIM,"JAWHARA - 7, Dachra imm. 3 route de Marrakech Provinced’El Jadida",+212539286680
683bfd43-70b6-4a25-8302-93a56c973f41,JEMAA SHAIM,M HAITA (MRE) - ROUTE DE MARRAKECH,+212562558913
ba5caee5-2f7d-4444-96f5-2a1a3969e73c,LIGUE ARABE,ESSAFAA - 6 BOULEVARD MOHAMED V EL JADIDA,+212569364688
c935c896-14fb-4138-b30b-011b1b8f8d79,OUMI RABII,HASSAN II - Angle Bd Kennedy et Bd Hassan II (ex Bd C) 20250 Safi,+212534017801
4ffafa40-d286-40b2-b7dc-f2a92f6902f2,OUMI RABII,IBN KHALDOUNE - 7 AV. HASSAN II & RUE IBN KHALD,+212545468715
2ec03ef5-73dc-4dce-8a13-8b7b98e6a178,SEBT GZOULA,BIR JDID - ROUTE PRINCIPALE CENTRE BIR JDID,+212558462021
b12d151c-14ce-4023-a653-8dfeb7505397,OULED ABBOU,TINGHIR - BD.MOHAMMED V,+212539063125
dc3d94aa-31da-488d-aa21-a3a8d25199e1,KHEMIS ZEMAMRA,MOKHTAR SOUSSI (MRE) - AVENUE PRINCE HERITIER SIDI MED BP:44,+212553760486
94201dae-dec0-4a99-b249-b709c450734c,TATA,"JAWHARA - 7, Dachra imm. 3 route de Marrakech Provinced’El Jadida",+212539628736
5d127099-7b4e-4d5e-be81-51efa13c550d,SEBT GZOULA,BEN AHMED - BOULEVARD MOULAY ABDELLAH,+212510578949
f0ab483a-ebfe-4e9f-9c08-31ed25cb9bb3,MOHAMED V,HAD OULAD FREJ - ROUTE SECONDAIRE N° 105 24300 H.OULED FREJ,+212515242080
68f6649f-ee31-4bb1-a0e0-9fceae392a42,OULED ABBOU,HASSAN II - Angle Bd Kennedy et Bd Hassan II (ex Bd C) 20250 Safi,+212567273131
4f8f6974-f375-493a-a16c-1cb1b8a39e1f,BEN AHMED,LIBERTE - AVENUE DE LA LIBERTE,+212539734986
1b8551ac-8480-46f3-a6df-bcb4b4fcc422,OULAD TEIMA,BIADA - Rue Atlas Quartier BIADA,+212555309011
caf5f0d2-7e9a-4847-81af-f38e310c44a3,OULED ABBOU,BERRECHID - 34.AVENUE MOHAMMED V,+212509062362
d937bd49-8086-4d14-9e24-af05e5dae164,BIR JDID,SEBT GZOULA - ROUTE KHEMIS N’GA SEBT GZOULA,+212543324892
04a5ff06-eef7-45f4-b49e-d7b342a7d958,MIFTAH EL KHEIR,"SIDI RAHAL PLAGE - Sidi Rahal, Chatii n° 31 et 32",+212548049588
49e0bf2b-9cba-42f1-9365-0dc940441c30,ANNASR,"ZAOUIA - Quartier sidi Ouassel, Safi 46000",+212591698331
74934bbb-f2ff-47a6-abb5-de8f9cc395db,MOULAY DRISS 1er,"SAADA - Zankat Charif Idrissi Quartier saƒda, EL JADIDA",+212516197800
a5d82881-220d-4c5e-9c0c-c9f2e14229de,EL BROUJ,BIR ANZARANE - Avenue Bir anzarane lotissement zone d’activité économique tranche 1 lot N°68 Youssou,+212564490472
a483bac7-a2d0-43c5-89ad-111e1082c4ab,BEN AHMED,ANNASR - 64 Quartier Moulhia El Jadida 24000,+212538246854
86b966cb-2696-4442-aa9b-7806738a7cdb,MOKHTAR SOUSSI (MRE),HASSAN 1er - Lotissement Essadaouia route de Tafraoute Tiznit,+212553303986
3d980b9e-7d7f-4c61-9797-5235e76ee89b,LALLA ZAHRA,"NASSIM - Bd, El Alaouiyines, 33 lot Nassim III El Jadida",+212578925922
ec4778d9-2b3d-46e1-b6b3-fbcc23dbec97,SIDI OUASSEL,ZAGORA - AVENUE MOHAMMED V,+212582238046
e8aa1a14-9216-4562-a6d9-ab998d51e39b,BIADA,R’BAT - PLACE DE L’INDEPENDANCE,+212557975027
3aa81968-9042-4dd2-aba1-2f955dc1933b,DEROUA,IBN KHALDOUNE - 7 AV. HASSAN II & RUE IBN KHALD,+212523611988
028cd605-b1ef-4bb4-9aba-dc286ba6394c,BEN AHMED,IBN KHALDOUNE - 7 AV. HASSAN II & RUE IBN KHALD,+212516788923
8065d7de-66c1-4b13-bd64-1df3bf531f76,DEROUA,HAD OULAD FREJ - ROUTE SECONDAIRE N° 105 24300 H.OULED FREJ,+212515267185
eb72035e-729c-4aab-860f-19dff09d9024,MOHAMED V,"OULAD SAID - Lotissement El Kheir, Lot n° 36 – Oulad Said Centre – Route secondaire n°105 – Province de Settat",+212553986978
94199cd3-55dd-4cc3-83bd-da9f7b199571,OULAD TEIMA,"MOULAY DRISS 1er - 26, boulevard Kennedy, Safi",+212548854136
a081b512-09cd-4716-8c02-2193a34ec840,SIDI OUASSEL,ESSAFAA - 6 BOULEVARD MOHAMED V EL JADIDA,+212544983111
05251946-7aab-441c-9080-b871904914cc,HAD OULAD FREJ,LIBERTE - AVENUE DE LA LIBERTE,+212516723612
320c95b9-510c-46cd-8f76-03a7f3ec8283,LALLA ZAHRA,"ZAOUIA - Quartier sidi Ouassel, Safi 46000",+212515392232
c366e3c6-ec01-4a22-82f0-7c74e4d9077e,BEN AHMED,"SAADA - Zankat Charif Idrissi Quartier saƒda, EL JADIDA",+212563778966
2ca3f477-8a21-49aa-8405-0a421c701fc6,L.HNIA HAMRIA,ZAGORA - AVENUE MOHAMMED V,+212518911176
bfbc661f-511b-4463-9c14-d61cbc43d03a,NASSIM,IBN KHALDOUNE - 7 AV. HASSAN II & RUE IBN KHALD,+212503031603
a78c3f48-ca72-4c65-9790-f2399570f3b4,IBN BATTOUTA,"SIDI RAHAL PLAGE - Sidi Rahal, Chatii n° 31 et 32",+212522759592
f3b0dbba-412f-4864-a1c6-e839549b9a1f,HAD SOUALEM,DEROUA - Lot N°2 bis lotissement Khadija,+212544510901
2a5f8c13-a480-49a7-9cf0-16daa8d7525f,EL BROUJ,HASSAN II - Angle Bd Kennedy et Bd Hassan II (ex Bd C) 20250 Safi,+212529476615
f7523176-72f3-41bf-afe4-6bc611330ee6,NASSIM,"ZAOUIA - Quartier sidi Ouassel, Safi 46000",+212535565593
77aebfc0-e60a-4523-be8f-526e7e4e7b67,HAD OULAD FREJ,BEN AHMED - BOULEVARD MOULAY ABDELLAH,+212587349861
adca1a6c-5c09-4dab-947f-632805f13209,OULAD SAID,MOKHTAR SOUSSI (MRE) - AVENUE PRINCE HERITIER SIDI MED BP:44,+212587427048
4fc09d6f-657d-4413-9ccc-aca0bd5acbe2,EL BROUJ,ESSAFAA - 6 BOULEVARD MOHAMED V EL JADIDA,+212597509718
1c760aea-23fe-40b2-88f3-ad1d9e8c708f,SAADA,HASSAN II - Angle Bd Kennedy et Bd Hassan II (ex Bd C) 20250 Safi,+212581942807
1e3c179b-9621-4285-8ff8-9c588f744943,OULAD SAID,HASSAN II - Angle Bd Kennedy et Bd Hassan II (ex Bd C) 20250 Safi,+212527224616
765ba97f-9035-4b7d-9e28-27c92d755054,TAZNAKHT,BIR JDID - ROUTE PRINCIPALE CENTRE BIR JDID,+212584004719
3c6e3a1b-88be-406d-845f-8380921ecd51,HASSAN 1er,BEN AHMED - BOULEVARD MOULAY ABDELLAH,+212532492580
a23a70fe-56cc-4c53-8817-6b3e201c4d0a,SIDI RAHAL PLAGE,"NASSIM - Bd, El Alaouiyines, 33 lot Nassim III El Jadida",+212562608499
7023f88f-2b14-4623-ae25-a33ff4fba169,JEMAA SHAIM,"SIDI RAHAL PLAGE - Sidi Rahal, Chatii n° 31 et 32",+212595819591
3f7ab1b0-37f3-4f0a-97de-8fe7a6cb32ea,HAD SOUALEM,MOKHTAR SOUSSI (MRE) - AVENUE PRINCE HERITIER SIDI MED BP:44,+212574583216
a7b93a09-1fb3-4f33-8f70-b9f5416c3719,AZEMMOUR,"SIDI RAHAL PLAGE - Sidi Rahal, Chatii n° 31 et 32",+212571235742
df7cf803-72c6-4f4f-bb29-28b4f9b48116,L.HNIA HAMRIA,LIGUE ARABE - 7 Avenue Mohammed VI 24000 EL JADIDA,+212592161718
97278397-ef38-43c6-88ab-dcc1f7b0bc34,BIR JDID,JEMAA SHAIM - ROUTE DE CASABLANCA JEMAA SHAIM,+212528732831
b8cb64d6-b352-4a38-a307-022079300fa3,OULAD TEIMA,"SIDI RAHAL PLAGE - Sidi Rahal, Chatii n° 31 et 32",+212575574782
97075ec8-714c-4890-8171-4985763627fc,ESSAFAA,"OUALIDIA - NAHJ HASSANI II, OUALIDIA",+212524094856
8775d654-0904-4efe-8195-2336596ec0ab,JEMAA SHAIM,"OUALIDIA - NAHJ HASSANI II, OUALIDIA",+212550573088
42802cbc-25e9-4af6-9659-a65775df716d,HASSAN 1er,L.HNIA HAMRIA - BD DRISS BEN NACER,+212543736393
59503397-938c-4e05-b315-7dae3050f586,TATA,HAD SOUALEM - ROUTE EL JADIDA LOT SAHEL .LOT 209.,+212543868880
6eb37337-d806-42af-aec7-0d0f4c31aa55,KHEMIS ZEMAMRA,"SAADA - Zankat Charif Idrissi Quartier saƒda, EL JADIDA",+212598315880
a2731bce-fbc5-4a80-8971-b31c7e9832a2,LIGUE ARABE,TAZNAKHT - CENTRE DE TAZNAKHT,+212512126251
e728b9fa-d822-49b0-bfb0-53a6731083c9,MOHAMED V,BIR ANZARANE - Avenue Bir anzarane lotissement zone d’activité économique tranche 1 lot N°68 Youssou,+212570842011
7b01cbb7-556f-4ac4-b30a-1f9aaadd7989,NASSIM,LIGUE ARABE - 7 Avenue Mohammed VI 24000 EL JADIDA,+212558447390
cc5d2f94-e121-4ec1-8674-e286d25dbd1e,HAD OULAD FREJ,MOKHTAR SOUSSI (MRE) - AVENUE PRINCE HERITIER SIDI MED BP:44,+212552505344
4ce66453-8b97-4e88-b525-84a7f01e94c0,R’BAT,TATA - BD MOHAMMED V,+212589881857
49f60695-4622-481c-93b4-6b21f20756ee,HAD SOUALEM,BIR ANZARANE - Avenue Bir anzarane lotissement zone d’activité économique tranche 1 lot N°68 Youssou,+212590811323
89112c9f-ebb7-4ed6-87b0-2705ef7c22e5,SAADA,TISSIR - Bd Hassan II lotissement Halima lot N° 1 Berrechid,+212544786654
dd40e5c6-9333-4558-ac78-d26f7de1341c,MEDINA,R’BAT - PLACE DE L’INDEPENDANCE,+212535145045
c13e9f66-c679-4d55-9c2c-5240a05027e3,KHEMIS ZEMAMRA,"MOULAY DRISS 1er - 26, boulevard Kennedy, Safi",+212560803719
17c2f51c-52c9-450c-9d7b-e9c2b1e9230f,TINGHIR,DEROUA - Lot N°2 bis lotissement Khadija,+212537112920
c7d29b9c-155a-49ae-8c4d-5ba4404b62d0,HAD SOUALEM,TATA - BD MOHAMMED V,+212545121015
26294ee1-2d76-4ba1-ae82-b691547f12ea,BERRECHID,"ZAOUIA - Quartier sidi Ouassel, Safi 46000",+212580456786
58a3c2ff-ed93-421f-a8a3-47153d8ba106,BOUCHRIT,LALLA ZAHRA - Angle Avenue Echouhada et rue Churchil El Jadida,+212516980073
17e2cbda-e0fa-47a0-ae30-b74a49444c51,IBN KHALDOUNE,L.HNIA HAMRIA - BD DRISS BEN NACER,+212536376621
19298999-64d8-49ea-b8f9-cba09696cf6a,BOUCHRIT,R’BAT - PLACE DE L’INDEPENDANCE,+212522144878
29be19fc-80f2-4aa8-87c8-dbfef3ec3f44,OULAD TEIMA,SIDI OUASSEL - ROUTE SIDI OUASSEL AVENUE BOUJDOUR SAFI,+212502620025
c76693a8-453a-47c3-8aaf-d47b47e04434,NASSIM,DEROUA - Lot N°2 bis lotissement Khadija,+212589765272
4a8f2bd0-72e4-4074-912e-4c52603b552a,SAADA,BIR JDID - ROUTE PRINCIPALE CENTRE BIR JDID,+212583631302
08cdfbb2-021f-4fad-8691-e87e65bf1b0a,HAD OULAD FREJ,"SIDI RAHAL PLAGE - Sidi Rahal, Chatii n° 31 et 32",+212559239012
736ee48b-831d-4188-8a45-64892f4b4737,KHEMIS ZEMAMRA,"SIDI RAHAL PLAGE - Sidi Rahal, Chatii n° 31 et 32",+212580028754
a62ec2e8-e5ed-4bce-a3ee-8107a4838aa6,HASSAN 1er,MOKHTAR SOUSSI (MRE) - AVENUE PRINCE HERITIER SIDI MED BP:44,+212589632731
ce66ad7f-7a0e-4ed7-b573-d5f982ea74bb,BIR JDID,LALLA ZAHRA - Angle Avenue Echouhada et rue Churchil El Jadida,+212553877632
36451448-c714-4995-a143-73f7604a5ad0,HASSAN II,"JAWHARA - 7, Dachra imm. 3 route de Marrakech Provinced’El Jadida",+212500431363
5449921b-6cf4-4875-9cde-6e726f9da17a,TISSIR,BOUCHRIT - ANG BD ZERKTOUNI & RUE PASTEUR 24000 EL JADIDA,+212560138109
d3294522-2aec-4fb3-99b2-034bc76d7547,SAADA,BEN AHMED - BOULEVARD MOULAY ABDELLAH,+212596230172
015eeb4b-ce0f-4e05-9475-05f235eb0752,TATA,OULAD TEIMA - OULAD TEIMA CENTRE,+212531221782
a7e50bdf-49f3-4171-99d6-278eca1ff0a0,M HAITA,"MOULAY DRISS 1er - 26, boulevard Kennedy, Safi",+212564702975
b38b8d6b-cc6b-43dd-9f0d-33e1429657c4,OUALIDIA,BIR JDID - ROUTE PRINCIPALE CENTRE BIR JDID,+212535198167
9d8dc9cf-f398-4d71-a154-2beca9f43ac1,IBN KHALDOUNE,R’BAT - PLACE DE L’INDEPENDANCE,+212540051803
88548ecf-7462-4369-91ea-a4048113cd88,SEBT GZOULA,BERRECHID - 34.AVENUE MOHAMMED V,+212574747009
35766ec7-c017-4122-ac6f-6b9e907d2687,JEMAA SHAIM,M HAITA (MRE) - ROUTE DE MARRAKECH,+212518058817
704a5822-6788-4738-8984-22f9d87fff31,TAZNAKHT,"SAADA - Zankat Charif Idrissi Quartier saƒda, EL JADIDA",+212547128686
05bdf5b8-d747-46d5-abdf-0bb482aca9be,L.HNIA HAMRIA,HAD OULAD FREJ - ROUTE SECONDAIRE N° 105 24300 H.OULED FREJ,+212598617121
7a1d96b2-6e2f-454e-9b05-152a49a7d66f,MOKHTAR SOUSSI (MRE),IBN KHALDOUNE - 7 AV. HASSAN II & RUE IBN KHALD,+212584254609
d4ccd019-d017-419f-acf9-7d98d82b66a3,SIDI RAHAL PLAGE,HAD SOUALEM - ROUTE EL JADIDA LOT SAHEL .LOT 209.,+212513854724
733bb3f0-1607-4c42-815c-285a39d7e9ec,KHEMIS ZEMAMRA,LIBERTE - AVENUE DE LA LIBERTE,+212597380578
7b69dd9b-aeed-488c-a25f-740d3c862606,MOULAY DRISS 1er,DEROUA - Lot N°2 bis lotissement Khadija,+212563020981
851d1159-758e-4b78-9fcd-ba00d9f2e5e2,TISSIR,JEMAA SHAIM - ROUTE DE CASABLANCA JEMAA SHAIM,+212504559539
19517768-75dc-41be-944a-0adb8ad91992,SIDI OUASSEL,"SAADA - Zankat Charif Idrissi Quartier saƒda, EL JADIDA",+212535393357
cf3556ec-7106-404a-9e5e-6b5fcf1fd62d,EL BROUJ,BIR JDID - ROUTE PRINCIPALE CENTRE BIR JDID,+212519005356
4275f935-bc50-42bb-90e4-358a0b61ca4f,ZAOUIA,HASSAN II - Angle Bd Kennedy et Bd Hassan II (ex Bd C) 20250 Safi,+212592389792
51eee540-7003-4e1b-8306-e04e4566a0e5,TISSIR,SIDI OUASSEL - ROUTE SIDI OUASSEL AVENUE BOUJDOUR SAFI,+212582521466
ace3c729-2e63-4345-8552-1f8158e83670,JAWHARA,OULED ABBOU - Bd. Hassan II N° 12 Ouled Abbou,+212534225844
a16ef28e-6fdb-4c3b-8ddd-151c7ff4e54a,BIR JDID,EL BROUJ - BOULEVARD MOHAMMED V,+212563991370
379ee8d2-83ca-4cb3-b7f5-d6e72caa1cca,NASSIM,IBN KHALDOUNE - 7 AV. HASSAN II & RUE IBN KHALD,+212524237673
f24dd8f3-7609-483c-85b5-6024192262b6,SEBT GZOULA,BIR ANZARANE - Avenue Bir anzarane lotissement zone d’activité économique tranche 1 lot N°68 Youssou,+212591114705
0cc862b0-5e69-4df8-b0b8-916873477f70,LIGUE ARABE,HASSAN II - Angle Bd Kennedy et Bd Hassan II (ex Bd C) 20250 Safi,+212509386829
7ca58c3a-15ce-49a6-a94b-9f7fb1341a07,M HAITA,OULAD TEIMA - OULAD TEIMA CENTRE,+212566107174
f9271f48-54ac-4b02-8d2a-d2d0cafa4f43,ZAOUIA,"NASSIM - Bd, El Alaouiyines, 33 lot Nassim III El Jadida",+212586413773
43a62433-96ad-43de-8f50-8844d917fb69,OUMI RABII,ESSALAM - N° 77 quartier Essalam 24000,+212576665972
3f3dd5af-1729-4ede-b669-951b1bf733b8,TAZNAKHT,MOHAMED V - PLACE MED V V N BP: 175,+212585601134
2699372c-92a5-45af-a3e7-aa4def911ed1,ANNASR,ZAGORA - AVENUE MOHAMMED V,+212583302127
13a85dd3-172d-46f0-b300-1287e3f1caf1,OUALIDIA,LIBERTE - AVENUE DE LA LIBERTE,+212539741103
4d762b49-6aea-4acc-b304-94c952dbee26,SAADA,HASSAN II - Angle Bd Kennedy et Bd Hassan II (ex Bd C) 20250 Safi,+212515603216
1455e16b-5b99-4790-8391-4f12e49aca49,ANNASR,DEROUA - Lot N°2 bis lotissement Khadija,+212581874611
f1f7ad93-61f8-4e7c-a6ed-46c6bf2ef851,BIADA,"ZAOUIA - Quartier sidi Ouassel, Safi 46000",+212521012843
d8c4bc63-7c4b-4faf-be17-2c90bccd6bab,LALLA ZAHRA,LIGUE ARABE - 7 Avenue Mohammed VI 24000 EL JADIDA,+212501684273
8075f426-a911-40b6-b390-f350a569869c,SIDI OUASSEL,AZEMMOUR - Bd Zerktouni Azemour,+212580720567
a1244997-3ca6-426c-a629-b26769531311,SAADA,"SIDI RAHAL PLAGE - Sidi Rahal, Chatii n° 31 et 32",+212522814822
f9dfb19c-255d-4bfb-a3af-85a454306528,ZAOUIA,IBN BATTOUTA - Avenue Ibn Battouta qurtier Bled El Jed Safi,+212587279420
b37b11b6-1f1b-4a76-b3fa-5e7c05b4bc7f,MOKHTAR SOUSSI (MRE),TATA - BD MOHAMMED V,+212565583383
c6f80ea1-fc0a-4705-8a98-1ba7d8c63c70,NASSIM,BEN AHMED - BOULEVARD MOULAY ABDELLAH,+212514382667
86ea7bba-0d22-46bc-8bbc-e2269d5aaa87,ANNASR,"OUALIDIA - NAHJ HASSANI II, OUALIDIA",+212521109419
5955ec7b-375a-44c4-9288-2532952498ae,ESSALAM,"MEDINA - 2, rue Ben Simon place Moulay El Hassan 24000 EL Jadida",+212516110419
540ac504-9a59-45ed-b497-7dd28c4803c8,BIADA,BIR JDID - ROUTE PRINCIPALE CENTRE BIR JDID,+212576636308
916f9856-3d07-47dd-b1f2-10ed67bb239b,TAZNAKHT,EL BROUJ - BOULEVARD MOHAMMED V,+212549644213
d6f5f500-cd56-417f-8d0f-4e8f1a46ae1d,HASSAN 1er,TISSIR - Bd Hassan II lotissement Halima lot N° 1 Berrechid,+212503979955
2ed69ba7-521e-4274-9af8-10cae234585d,OUMI RABII,"MIFTAH EL KHEIR - Bd, Fkih Haskouri route Had Hrara Safi",+212517392196
5201c3fc-d4e4-4175-8e26-ab41a1615f78,ESSAFAA,HAD OULAD FREJ - ROUTE SECONDAIRE N° 105 24300 H.OULED FREJ,+212561335004
ff09674f-a91b-4098-b2ea-2047d2040a02,BEN AHMED,"MIFTAH EL KHEIR - Bd, Fkih Haskouri route Had Hrara Safi",+212583356024
a4424912-3fcb-40f6-b179-e6c5e534f054,LIGUE ARABE,"MEDINA - 2, rue Ben Simon place Moulay El Hassan 24000 EL Jadida",+212578655922
4cc97b34-1090-4512-9a64-d2a8e1f6ec86,BOUCHRIT,BIR JDID - ROUTE PRINCIPALE CENTRE BIR JDID,+212558760620
cf62345c-bfec-4527-8b7f-6045efd085a8,TAZNAKHT,"OUALIDIA - NAHJ HASSANI II, OUALIDIA",+212537909463
ef1f3015-3e3b-449c-85e9-378e6df9c7eb,SEBT GZOULA,IBN KHALDOUNE - 7 AV. HASSAN II & RUE IBN KHALD,+212559690035
d72315a9-3b0d-4b47-b75c-831bcbb9369b,L.HNIA HAMRIA,BOUCHRIT - ANG BD ZERKTOUNI & RUE PASTEUR 24000 EL JADIDA,+212514337972
646cc706-e664-4c35-8476-496abcfc7382,NASSIM,SEBT GZOULA - ROUTE KHEMIS N’GA SEBT GZOULA,+212566568066
cf09d24f-99c4-4853-b414-f36e7827a283,HAD SOUALEM,TAZNAKHT - CENTRE DE TAZNAKHT,+212584312775
b226b265-41c1-44fa-8efe-16bd5fe26c45,ESSAFAA,R’BAT - PLACE DE L’INDEPENDANCE,+212598634089
3dac1d35-740f-4fad-97ad-abf76c9ca775,OULAD TEIMA,OUMI RABII - Boulevard Mohamed V N° 230 Azemmour 241000,+212592408763
1a6c1da8-2a21-4295-906b-b68850253890,IBN BATTOUTA,IBN BATTOUTA - Avenue Ibn Battouta qurtier Bled El Jed Safi,+212509054424
08307a02-4cfe-4d33-9130-5c8e924c0d84,LALLA ZAHRA,HAD OULAD FREJ - ROUTE SECONDAIRE N° 105 24300 H.OULED FREJ,+212510264583
9fa808ee-7270-40dc-94ff-946357251351,SIDI RAHAL PLAGE,TISSIR - Bd Hassan II lotissement Halima lot N° 1 Berrechid,+212546587816
8fe71cb9-e256-4522-b0c0-3d944a41039e,IBN KHALDOUNE,BOUCHRIT - ANG BD ZERKTOUNI & RUE PASTEUR 24000 EL JADIDA,+212567851821
11e53b2e-03b1-4853-aa12-b85286aefbdb,LIGUE ARABE,L.HNIA HAMRIA - BD DRISS BEN NACER,+212511048746
92514663-5802-4386-8122-29d42c2de981,BEN AHMED,EL BROUJ - BOULEVARD MOHAMMED V,+212555688665
14c4c54e-30ee-4533-9de1-cd9d6acfbbf7,OUALIDIA,DEROUA - Lot N°2 bis lotissement Khadija,+212533651603
5c6baec0-5b7e-46ac-9491-c58776ae867b,LIBERTE,BIR JDID - ROUTE PRINCIPALE CENTRE BIR JDID,+212554460178
46f6b0ff-94d4-43b1-96bb-aa78a661ca60,ESSALAM,"ZAOUIA - Quartier sidi Ouassel, Safi 46000",+212592277645
67582b07-d169-4da5-957f-42d6c4e04ded,OULED ABBOU,TATA - BD MOHAMMED V,+212559716024
1caac899-c938-4f3b-ac1e-4e296ae99e48,M HAITA,LALLA ZAHRA - Angle Avenue Echouhada et rue Churchil El Jadida,+212525370540
5349392f-0a31-4029-88b6-35d2b9ca2f87,SIDI OUASSEL,"NASSIM - Bd, El Alaouiyines, 33 lot Nassim III El Jadida",+212515152078
d82fa678-b6d4-4095-8b9e-c90021833e13,IBN KHALDOUNE,TAZNAKHT - CENTRE DE TAZNAKHT,+212514256802
abd51943-2098-4fbd-b9a5-58cb1734f0ae,LIGUE ARABE,"MOULAY DRISS 1er - 26, boulevard Kennedy, Safi",+212517583798
a1cbe6d9-7d5b-47b4-bda8-8451bd9dbc2d,MOHAMED V,TISSIR - Bd Hassan II lotissement Halima lot N° 1 Berrechid,+212507261630
1f84569f-600d-42dd-bbfc-9f90004884ef,BERRECHID,"OULAD SAID - Lotissement El Kheir, Lot n° 36 – Oulad Said Centre – Route secondaire n°105 – Province de Settat",+212594923093
9919cc6e-a93c-46a2-9b66-fc5173fa9387,HASSAN 1er,BOUCHRIT - ANG BD ZERKTOUNI & RUE PASTEUR 24000 EL JADIDA,+212517130024
3a6a263c-3b97-4aa8-84b6-c6f9e6b6ac84,MOHAMED V,"SAADA - Zankat Charif Idrissi Quartier saƒda, EL JADIDA",+212590565526
b0ac16a5-6474-46cc-8b5a-c46a7b3c81c3,TAZNAKHT,LIGUE ARABE - 7 Avenue Mohammed VI 24000 EL JADIDA,+212553008561
a52fa432-68cd-4ca7-84f8-902198a9131e,TINGHIR,R’BAT - PLACE DE L’INDEPENDANCE,+212556924074
47ed4a01-903e-41ee-8e83-3070ac43fbd6,SEBT GZOULA,LIGUE ARABE - 7 Avenue Mohammed VI 24000 EL JADIDA,+212564275035
cf1ce8b3-7e35-49bc-95c0-147738610796,ZAGORA,JEMAA SHAIM - ROUTE DE CASABLANCA JEMAA SHAIM,+212514365958
6ce14c26-5433-4c2f-89fa-85bfe96cd36e,BIADA,DEROUA - Lot N°2 bis lotissement Khadija,+212525754478
d5328c45-1734-4a4f-adcb-32100eec2e84,LALLA ZAHRA,ESSAFAA - 6 BOULEVARD MOHAMED V EL JADIDA,+212506491346
97bc6d16-b209-446b-8d25-12eaa4ee8381,KHEMIS ZEMAMRA,"NASSIM - Bd, El Alaouiyines, 33 lot Nassim III El Jadida",+212566854117
1d519acc-afb2-406d-b878-993f4fe6c70d,SAADA,ESSAFAA - 6 BOULEVARD MOHAMED V EL JADIDA,+212531893119
87445795-2a44-4e43-a771-2c685c407787,M HAITA,LIGUE ARABE - 7 Avenue Mohammed VI 24000 EL JADIDA,+212580023740
3f0536ed-ce92-41d0-b91c-25fd0e5b26e1,LIBERTE,"MEDINA - 2, rue Ben Simon place Moulay El Hassan 24000 EL Jadida",+212585186399
3d2b0ed0-1df4-4315-8be9-4e97e30482f7,BOUCHRIT,LALLA ZAHRA - Angle Avenue Echouhada et rue Churchil El Jadida,+212522015712
4fcac16d-b497-4137-8e2f-ba9a15ca91bd,IBN KHALDOUNE,HASSAN 1er - Lotissement Essadaouia route de Tafraoute Tiznit,+212582419220
5b1528d2-040f-45f8-ab59-179729ce06c1,SIDI OUASSEL,DEROUA - Lot N°2 bis lotissement Khadija,+212512344393
f436d212-4422-46b3-90ee-1b645993142d,OULED ABBOU,L.HNIA HAMRIA - BD DRISS BEN NACER,+212575970217
0a3dbd9c-7f4e-435a-806c-6add8adff5f3,JEMAA SHAIM,SIDI OUASSEL - ROUTE SIDI OUASSEL AVENUE BOUJDOUR SAFI,+212591172439
0f9f2a8e-0750-41f1-9134-79953ce43502,BIADA,BIR ANZARANE - Avenue Bir anzarane lotissement zone d’activité économique tranche 1 lot N°68 Youssou,+212598471726
a9c67eae-83f5-4c78-aa3d-801f22d763ea,BEN AHMED,HAD OULAD FREJ - ROUTE SECONDAIRE N° 105 24300 H.OULED FREJ,+212579576609
18651ba0-a96c-4940-92a9-697788240d35,OUALIDIA,BIR ANZARANE - Avenue Bir anzarane lotissement zone d’activité économique tranche 1 lot N°68 Youssou,+212521162400
476008bb-5a98-49f7-8ef0-ea7c4083417c,TINGHIR,"SAADA - Zankat Charif Idrissi Quartier saƒda, EL JADIDA",+212579546841
cc25ee9e-bfc9-486b-b646-a013372026f6,MEDINA,"ZAOUIA - Quartier sidi Ouassel, Safi 46000",+212515892366
4410d250-d9f3-4b27-87fa-b8ff02a66b98,TINGHIR,BIR ANZARANE - Avenue Bir anzarane lotissement zone d’activité économique tranche 1 lot N°68 Youssou,+212585859864
7dc27f48-c732-4168-b52d-e73667e264e0,ZAGORA,OULAD TEIMA - OULAD TEIMA CENTRE,+212502510988
0061778f-b985-4f54-a9ff-aeddfd4ced3b,AZEMMOUR,ANNASR - 64 Quartier Moulhia El Jadida 24000,+212508012919
ad262f7d-d3de-4f3d-8b20-a9041d69e5fa,ZAOUIA,LIGUE ARABE - 7 Avenue Mohammed VI 24000 EL JADIDA,+212525052105
d423fd98-2f92-467d-b8ab-c462328a8482,TISSIR,ESSAFAA - 6 BOULEVARD MOHAMED V EL JADIDA,+212556414011
d434c513-4ed4-4190-b253-552015a03b4e,SAADA,OUMI RABII - Boulevard Mohamed V N° 230 Azemmour 241000,+212511305182
b165fc58-ae65-4cbe-9dc7-7235c5992069,M HAITA,M HAITA (MRE) - ROUTE DE MARRAKECH,+212574827235
53559534-a32a-47b2-9181-8e4be23a372f,JAWHARA,HASSAN II - Angle Bd Kennedy et Bd Hassan II (ex Bd C) 20250 Safi,+212505415902
22506b45-b6dd-43c3-ab83-bcaa3c39eba1,LIGUE ARABE,LIBERTE - AVENUE DE LA LIBERTE,+212568394154
53d87c2f-b89d-4a49-8545-2f1c199d1eeb,L.HNIA HAMRIA,BIADA - Rue Atlas Quartier BIADA,+212508855926
2ea772bd-e9fb-4d2c-863c-7579a59cd675,SEBT GZOULA,"OUALIDIA - NAHJ HASSANI II, OUALIDIA",+212534737897
8308dda2-8900-4781-a822-7be597128b9d,LIBERTE,BEN AHMED - BOULEVARD MOULAY ABDELLAH,+212580063217
8b977154-c99d-40b7-bbac-11b9669f92c9,ESSALAM,SEBT GZOULA - ROUTE KHEMIS N’GA SEBT GZOULA,+212536696213
7768f40b-6a41-4d0d-aa53-39970224d550,HASSAN 1er,IBN KHALDOUNE - 7 AV. HASSAN II & RUE IBN KHALD,+212573512078
ce27d821-7595-476b-b1d0-49a8dd0c6cee,BIADA,KHEMIS ZEMAMRA - ROUTE DE TNINE GHARBIA 24200 KH.ZEMAMRA,+212565821342
eb97d51b-d594-4380-bacf-ef0488cfb3c1,SEBT GZOULA,TATA - BD MOHAMMED V,+212588634290
5319c4a7-8aaf-40b3-a463-fc06d2c1f475,EL BROUJ,BEN AHMED - BOULEVARD MOULAY ABDELLAH,+212581648171
b92536ae-3983-46a7-ba95-2ff88a3abae1,LIBERTE,"ZAOUIA - Quartier sidi Ouassel, Safi 46000",+212546179620
8e4ea2df-6b12-4ad8-a61e-0aaadba4f186,OUMI RABII,IBN BATTOUTA - Avenue Ibn Battouta qurtier Bled El Jed Safi,+212583305225
fece19de-5ca8-4781-800d-4b1665d4be38,IBN BATTOUTA,KHEMIS ZEMAMRA - ROUTE DE TNINE GHARBIA 24200 KH.ZEMAMRA,+212581611167
e7c8db90-c580-45f2-8cd6-a660735b46fb,SIDI OUASSEL,OULED ABBOU - Bd. Hassan II N° 12 Ouled Abbou,+212522431170
ca617ccc-4c17-4447-acd9-b72bd10d3bc4,HASSAN II,"ZAOUIA - Quartier sidi Ouassel, Safi 46000",+212587853429
7ff9a718-6a40-475f-b5db-4f679ee03715,LALLA ZAHRA,TATA - BD MOHAMMED V,+212502057317
ce6f1497-f731-49a0-a75a-f146ef46e39e,TAZNAKHT,BIADA - Rue Atlas Quartier BIADA,+212524670483
a1e091b1-9a42-496d-96ac-afa21712df42,BEN AHMED,LALLA ZAHRA - Angle Avenue Echouhada et rue Churchil El Jadida,+212566454992
db66ac62-52fe-43bd-b475-d2e408323541,TISSIR,TATA - BD MOHAMMED V,+212542690020
3af97bc9-c543-4743-96c1-ac62a1e4f918,M HAITA,"OULAD SAID - Lotissement El Kheir, Lot n° 36 – Oulad Said Centre – Route secondaire n°105 – Province de Settat",+212536892469
dbfd6488-b4ea-4909-a71f-aefa09765dd6,L.HNIA HAMRIA,L.HNIA HAMRIA - BD DRISS BEN NACER,+212595324432
47024c9e-9398-45b4-9490-fb28b032ba5e,ESSAFAA,"ZAOUIA - Quartier sidi Ouassel, Safi 46000",+212591982353
d4a3a2b5-51f4-4d79-9c34-ce83515f0871,LIGUE ARABE,ESSAFAA - 6 BOULEVARD MOHAMED V EL JADIDA,+212518968191
fa272b87-3afc-4371-afb8-35ad03a39f0a,HAD OULAD FREJ,OULED ABBOU - Bd. Hassan II N° 12 Ouled Abbou,+212561361081
696f0e9d-f409-4ad6-a94a-d30d3b4f738b,BIADA,"JAWHARA - 7, Dachra imm. 3 route de Marrakech Provinced’El Jadida",+212581884664
3c64cd64-e2ab-4db3-ab91-7c3285bd4531,OULAD TEIMA,"OUALIDIA - NAHJ HASSANI II, OUALIDIA",+212572025606
79c5bbf4-5e9a-4036-bd7b-05ca8c1ee045,L.HNIA HAMRIA,SIDI OUASSEL - ROUTE SIDI OUASSEL AVENUE BOUJDOUR SAFI,+212579296800
02c9d8b3-2f8d-4759-b944-13676372711f,BEN AHMED,HASSAN II - Angle Bd Kennedy et Bd Hassan II (ex Bd C) 20250 Safi,+212508320079
918f03c7-1e2c-436e-884e-d8280667fb31,MOHAMED V,JEMAA SHAIM - ROUTE DE CASABLANCA JEMAA SHAIM,+212561748634
e0c56a3d-69ba-4c8f-9862-ca93350d867e,LIGUE ARABE,BIADA - Rue Atlas Quartier BIADA,+212531937630
9e8fba7b-c6f3-4c5a-a9f9-295c180fd583,ANNASR,IBN BATTOUTA - Avenue Ibn Battouta qurtier Bled El Jed Safi,+212561614536
c29b62ab-6217-4038-b8b0-762631663b99,MOKHTAR SOUSSI (MRE),"MOULAY DRISS 1er - 26, boulevard Kennedy, Safi",+212519849306
a7d20ebc-9c87-44bb-bae0-ad218e8c4d9a,SAADA,LALLA ZAHRA - Angle Avenue Echouhada et rue Churchil El Jadida,+212509217334
66c0c1d3-3ea4-48c5-acba-dec3ccddd1dc,AZEMMOUR,"SAADA - Zankat Charif Idrissi Quartier saƒda, EL JADIDA",+212529302918
80c88989-1193-4148-8d53-b078bff3d591,BIADA,SIDI OUASSEL - ROUTE SIDI OUASSEL AVENUE BOUJDOUR SAFI,+212519620042
74b5277d-337e-4b57-b4a4-79af6e951f8a,BIR ANZARANE,LALLA ZAHRA - Angle Avenue Echouhada et rue Churchil El Jadida,+212517613305
a526714a-2f88-4567-b259-030928e486ed,M HAITA,"MIFTAH EL KHEIR - Bd, Fkih Haskouri route Had Hrara Safi",+212510543174
deb81724-351a-42aa-a50c-5b085c89f6e5,SIDI OUASSEL,M HAITA (MRE) - ROUTE DE MARRAKECH,+212542713712
c7a0d82d-a73d-496f-a5fc-2639918122e0,ZAGORA,BIADA - Rue Atlas Quartier BIADA,+212559834106
da43d69d-c5e8-449d-9739-67397c91d12f,ESSALAM,SIDI OUASSEL - ROUTE SIDI OUASSEL AVENUE BOUJDOUR SAFI,+212534894751
88b69951-300e-424d-a092-9ae92920d109,NASSIM,HAD SOUALEM - ROUTE EL JADIDA LOT SAHEL .LOT 209.,+212578411466
9903a313-d5aa-4683-b08e-356e2a8ab4b4,BEN AHMED,AZEMMOUR - Bd Zerktouni Azemour,+212513407461
629e111d-6e56-48b6-aeb3-8062fd00939a,SAADA,LIGUE ARABE - 7 Avenue Mohammed VI 24000 EL JADIDA,+212565776601
ab2ee6f4-20fd-491c-9c2c-05ce6c190681,ANNASR,ESSAFAA - 6 BOULEVARD MOHAMED V EL JADIDA,+212567402618
de5c22ac-eab1-4a14-b761-812c4eba9ab6,HASSAN 1er,"SIDI RAHAL PLAGE - Sidi Rahal, Chatii n° 31 et 32",+212586617138
12d8de07-8794-471d-b75d-42f4517f3664,SAADA,BOUCHRIT - ANG BD ZERKTOUNI & RUE PASTEUR 24000 EL JADIDA,+212540123307
2d28bd20-e283-4a1f-a8bc-53c469040f9e,ESSAFAA,TATA - BD MOHAMMED V,+212515993495
9c5a2dac-bb56-4e65-9e1d-999f19761786,R’BAT,LALLA ZAHRA - Angle Avenue Echouhada et rue Churchil El Jadida,+212573890063
083113e9-716f-4840-b7b4-d0bad8bcedce,L.HNIA HAMRIA,"ZAOUIA - Quartier sidi Ouassel, Safi 46000",+212549706735
877727d7-c9b4-4f83-9388-245d2b5f9719,HAD OULAD FREJ,HAD SOUALEM - ROUTE EL JADIDA LOT SAHEL .LOT 209.,+212509374817
69fcd855-786c-41cf-99b1-a96be6fc10d3,M HAITA,"SIDI RAHAL PLAGE - Sidi Rahal, Chatii n° 31 et 32",+212569101931
6d4bac30-46cb-49a2-8442-7d9aaa84ba99,OULAD SAID,TATA - BD MOHAMMED V,+212578924638
d894dec5-679c-4301-b4e9-8d5ce5085157,BEN AHMED,SIDI OUASSEL - ROUTE SIDI OUASSEL AVENUE BOUJDOUR SAFI,+212509520509
984fbfd2-7851-499a-a55c-2fb7040a5fdc,OULAD TEIMA,OULAD TEIMA - OULAD TEIMA CENTRE,+212538046816
c3fe039e-222f-48b7-b6a9-5d5273f92aa5,BIADA,OULAD TEIMA - OULAD TEIMA CENTRE,+212560401949
360a9bc3-4928-4190-be39-a946ac20e217,AZEMMOUR,AZEMMOUR - Bd Zerktouni Azemour,+212536523300
684598a4-8546-44ed-ab94-fa0fcd50d80a,BIR JDID,OUMI RABII - Boulevard Mohamed V N° 230 Azemmour 241000,+212585985087
3648f4a7-7a45-4ffe-b6de-358c494dcc86,OULED ABBOU,ESSAFAA - 6 BOULEVARD MOHAMED V EL JADIDA,+212513829897
3dc99947-d07c-4a14-ab9d-e455171b32f8,BIR JDID,ESSAFAA - 6 BOULEVARD MOHAMED V EL JADIDA,+212533812105
335bd69a-3195-4438-a2f6-1839e78bad3e,TINGHIR,HASSAN 1er - Lotissement Essadaouia route de Tafraoute Tiznit,+212552116487
3710247b-2d6a-4c18-bc42-7d498025dc2a,MIFTAH EL KHEIR,HAD SOUALEM - ROUTE EL JADIDA LOT SAHEL .LOT 209.,+212566255138
6e953587-fee3-457c-8428-0afa6badcbf0,BIR ANZARANE,HAD SOUALEM - ROUTE EL JADIDA LOT SAHEL .LOT 209.,+212594872543
0fe07b36-2fc8-4d0e-aae8-8c7066b55ab4,SEBT GZOULA,"SAADA - Zankat Charif Idrissi Quartier saƒda, EL JADIDA",+212597784806
b865547e-b346-4e51-8bdb-7e86e032f20a,OUALIDIA,"MIFTAH EL KHEIR - Bd, Fkih Haskouri route Had Hrara Safi",+212577195057
39e57c08-8bac-46e8-8310-c70175e7b0c4,DEROUA,HAD SOUALEM - ROUTE EL JADIDA LOT SAHEL .LOT 209.,+212502768044
3d6c6f8a-90ae-428f-80bf-cda1ed2503cb,IBN BATTOUTA,TAZNAKHT - CENTRE DE TAZNAKHT,+212525199428
56d2ef1e-6b90-45d9-b6ff-bca30e766c50,HAD OULAD FREJ,"MEDINA - 2, rue Ben Simon place Moulay El Hassan 24000 EL Jadida",+212593067762
af3491f1-14c8-4283-a4c5-f09e1fb7d6bf,KHEMIS ZEMAMRA,ESSAFAA - 6 BOULEVARD MOHAMED V EL JADIDA,+212527527591
38e8a538-5dd2-47d8-9f09-6b85de485b3b,SIDI OUASSEL,OUMI RABII - Boulevard Mohamed V N° 230 Azemmour 241000,+212505024504
093c8cf0-7205-4763-9224-3ea663add1c7,BERRECHID,TINGHIR - BD.MOHAMMED V,+212519121267
a8d57a8e-baea-4c0f-a254-f2230e51f965,HAD OULAD FREJ,HASSAN 1er - Lotissement Essadaouia route de Tafraoute Tiznit,+212578110830
8807d327-686c-4bd6-a15e-a9d08ac37d80,OULAD TEIMA,"JAWHARA - 7, Dachra imm. 3 route de Marrakech Provinced’El Jadida",+212521206987
a368c54b-5b56-47ae-902b-6ed20a5ae9d7,LIGUE ARABE,IBN BATTOUTA - Avenue Ibn Battouta qurtier Bled El Jed Safi,+212526121795
d6b93ac4-0e7c-40ce-a64b-4d7ae200a197,TINGHIR,LIGUE ARABE - 7 Avenue Mohammed VI 24000 EL JADIDA,+212537233996
69975db3-42a8-4e62-83fc-ae2cdda2974b,IBN KHALDOUNE,"MOULAY DRISS 1er - 26, boulevard Kennedy, Safi",+212501094236
339e7b3f-9146-46c0-b82d-eee6accb473e,TINGHIR,BIR ANZARANE - Avenue Bir anzarane lotissement zone d’activité économique tranche 1 lot N°68 Youssou,+212550362881
3e9d8a9a-a00c-47e7-a9ab-ff504a453a4e,BERRECHID,SIDI OUASSEL - ROUTE SIDI OUASSEL AVENUE BOUJDOUR SAFI,+212586427752
08beb8a4-5974-4b53-860c-5fa60d5289c4,TISSIR,BIR JDID - ROUTE PRINCIPALE CENTRE BIR JDID,+212584606962
cf852462-7b0e-43dc-b1de-2094f130102a,LALLA ZAHRA,OUMI RABII - Boulevard Mohamed V N° 230 Azemmour 241000,+212578682651
1669f9c6-311a-43db-9db4-b543fb284492,OULED ABBOU,BEN AHMED - BOULEVARD MOULAY ABDELLAH,+212504308786
1ae8013d-95b3-45eb-8788-8b787c76f85a,TAZNAKHT,BIADA - Rue Atlas Quartier BIADA,+212501954609
fbdfb14b-26d7-46d7-9ae5-7a5e596b3384,BEN AHMED,"SIDI RAHAL PLAGE - Sidi Rahal, Chatii n° 31 et 32",+212522122623
ed54d284-0757-43d1-a49f-91fd9baf943d,TISSIR,BEN AHMED - BOULEVARD MOULAY ABDELLAH,+212592574416
1dabb6ef-76fb-47fe-acb1-25bf871dcf09,TATA,EL BROUJ - BOULEVARD MOHAMMED V,+212538523671
ca13c42d-ff1b-471b-a0c8-8c9ce7970a30,OULAD SAID,OULAD TEIMA - OULAD TEIMA CENTRE,+212582343510
8a367c8e-abb3-4442-8103-445720795b68,SEBT GZOULA,OULAD TEIMA - OULAD TEIMA CENTRE,+212519718544
5bcb1f76-140d-4df9-a03b-3bd438cd38c3,ANNASR,"MIFTAH EL KHEIR - Bd, Fkih Haskouri route Had Hrara Safi",+212585419138
bb2c9f47-cead-4f04-9ed0-4c9a4d1727d0,ZAGORA,ZAGORA - AVENUE MOHAMMED V,+212527544710
05fc1c6c-b097-4f81-b930-fea632b15525,NASSIM,TATA - BD MOHAMMED V,+212551298771
7f70dd9c-618c-49f6-9979-cc3d6e2782ca,NASSIM,LIBERTE - AVENUE DE LA LIBERTE,+212570042970
49f2d903-2ea0-43ed-8444-819fb33aa8dc,HASSAN 1er,OUMI RABII - Boulevard Mohamed V N° 230 Azemmour 241000,+212519754734
7ab6d5c2-d5ed-43f5-9d14-b23fd17f0814,SEBT GZOULA,TINGHIR - BD.MOHAMMED V,+212530872274
668a755f-df8a-4b06-8945-f7019fb962a9,JEMAA SHAIM,"OULAD SAID - Lotissement El Kheir, Lot n° 36 – Oulad Said Centre – Route secondaire n°105 – Province de Settat",+212523006744
3ba2fd87-8292-47a1-804e-e3557c0f445c,JAWHARA,LIBERTE - AVENUE DE LA LIBERTE,+212596943543
11cfd089-9c5f-4a9d-ad99-6e39eeca19dd,ESSAFAA,AZEMMOUR - Bd Zerktouni Azemour,+212585892225
7fc1f516-2671-44ce-897e-02f6221b9641,LIBERTE,BEN AHMED - BOULEVARD MOULAY ABDELLAH,+212545539757
db6a4de1-a4bf-40a1-bdb8-cff4e88fc56f,BIR JDID,TISSIR - Bd Hassan II lotissement Halima lot N° 1 Berrechid,+212592272822
14ad1b32-a325-49ba-ad0a-e4427dc587b4,LIBERTE,AZEMMOUR - Bd Zerktouni Azemour,+212593143288
f1a14193-1cf3-4a38-834e-5fe63faad941,BIR JDID,"MIFTAH EL KHEIR - Bd, Fkih Haskouri route Had Hrara Safi",+212508248912
2a2e31d5-9e8e-47d9-8e85-273beb555a68,BOUCHRIT,"SAADA - Zankat Charif Idrissi Quartier saƒda, EL JADIDA",+212561732690
c74d7203-7913-44c5-b229-73c60ead650a,HAD SOUALEM,LIGUE ARABE - 7 Avenue Mohammed VI 24000 EL JADIDA,+212504531187
50c336c7-5f7c-4aab-a6cb-d9e5a8bb8de4,OULED ABBOU,AZEMMOUR - Bd Zerktouni Azemour,+212567525963
bdb49946-32be-43d6-abd2-ea8e51b7a2c3,AZEMMOUR,OULED ABBOU - Bd. Hassan II N° 12 Ouled Abbou,+212596521095
beb17459-841f-42ee-9ab6-290904a2069b,TAZNAKHT,BIADA - Rue Atlas Quartier BIADA,+212597378112
fd570fbe-9f52-4fac-9728-f05d2d4e0886,BIR ANZARANE,OUMI RABII - Boulevard Mohamed V N° 230 Azemmour 241000,+212531405483
7a09e97f-0748-415e-bb0b-1699b9756570,EL BROUJ,ESSAFAA - 6 BOULEVARD MOHAMED V EL JADIDA,+212579717812
edb5311f-50e1-4f0b-8784-028475aa8efa,BIADA,"OUALIDIA - NAHJ HASSANI II, OUALIDIA",+212572232828
cd4d5dae-a67a-44b3-bd5f-4b554bda5943,TATA,OULAD TEIMA - OULAD TEIMA CENTRE,+212579012094
7446059a-65de-4f93-9c4b-60938f2a18b5,IBN KHALDOUNE,BOUCHRIT - ANG BD ZERKTOUNI & RUE PASTEUR 24000 EL JADIDA,+212508652774
4ebdd291-dc14-4993-8e24-abaaf4c9121c,OULAD SAID,KHEMIS ZEMAMRA - ROUTE DE TNINE GHARBIA 24200 KH.ZEMAMRA,+212586857834
3e527e8a-08d4-475b-ba20-cc98593227eb,HAD SOUALEM,DEROUA - Lot N°2 bis lotissement Khadija,+212588423334
27c664ec-8001-4771-a330-91be964080a1,IBN KHALDOUNE,"OUALIDIA - NAHJ HASSANI II, OUALIDIA",+212509329479
0a619bc3-16de-4b38-a8cc-4fefd7cba7db,JEMAA SHAIM,OULED ABBOU - Bd. Hassan II N° 12 Ouled Abbou,+212545528768
e1bbfaf5-320d-4dfd-b94c-9dcfe5d9817b,ESSAFAA,TISSIR - Bd Hassan II lotissement Halima lot N° 1 Berrechid,+212505778350
b66dbed4-8331-4659-bbb1-84984a8f7b4a,LIGUE ARABE,ESSALAM - N° 77 quartier Essalam 24000,+212512903117
45428100-fffb-46e9-b15c-668a90de5327,ESSAFAA,SIDI OUASSEL - ROUTE SIDI OUASSEL AVENUE BOUJDOUR SAFI,+212515335942
bc7487d5-9099-4798-8dc2-35273ed066fe,AZEMMOUR,L.HNIA HAMRIA - BD DRISS BEN NACER,+212561557081
2e64e36a-f117-4805-9aaf-b56d69a9a401,ZAGORA,LIBERTE - AVENUE DE LA LIBERTE,+212542057830
8481efc5-5ce9-443c-9ab0-38916e38f0ef,OUMI RABII,AZEMMOUR - Bd Zerktouni Azemour,+212520445587
9775c4f1-a3e4-455f-ac9b-2f98586232b9,ANNASR,"SIDI RAHAL PLAGE - Sidi Rahal, Chatii n° 31 et 32",+212548997392
0acf51f7-f772-4fda-a3ad-ab54e3437a6d,BOUCHRIT,L.HNIA HAMRIA - BD DRISS BEN NACER,+212568268255
21f2b80d-aaf9-469f-9c37-68f487c69523,HAD OULAD FREJ,TATA - BD MOHAMMED V,+212503839019
e2f425c0-b2e7-47d6-899f-b4d19401a6b1,ZAOUIA,"MEDINA - 2, rue Ben Simon place Moulay El Hassan 24000 EL Jadida",+212516839596
9fd2219e-09a6-4973-8ed0-22192d74533b,TINGHIR,BOUCHRIT - ANG BD ZERKTOUNI & RUE PASTEUR 24000 EL JADIDA,+212563712147
eceeceb7-95a3-4b0f-bfc8-774ec3e0bfcf,BIR ANZARANE,AZEMMOUR - Bd Zerktouni Azemour,+212539358221
d21b77dd-3cdf-4ba0-8402-481467ab4cf0,SIDI OUASSEL,M HAITA (MRE) - ROUTE DE MARRAKECH,+212599458681
738508a5-7ca3-44a8-8544-525cb5a31630,BEN AHMED,KHEMIS ZEMAMRA - ROUTE DE TNINE GHARBIA 24200 KH.ZEMAMRA,+212538331966
e3bf9042-42fc-4859-8bc8-1238e4fa4385,TATA,ESSAFAA - 6 BOULEVARD MOHAMED V EL JADIDA,+212539391565
6c782b90-e65e-402b-9db1-388e501f7e23,OUMI RABII,BIR ANZARANE - Avenue Bir anzarane lotissement zone d’activité économique tranche 1 lot N°68 Youssou,+212591553798
c2597e1b-6245-49c7-9d5a-ad85060b3504,LIGUE ARABE,OUMI RABII - Boulevard Mohamed V N° 230 Azemmour 241000,+212581108987
91425d90-ef90-4e72-b307-c9da17425c77,L.HNIA HAMRIA,"MOULAY DRISS 1er - 26, boulevard Kennedy, Safi",+212568185059
ea176687-4d98-4084-ab07-deb9ec9eb555,JAWHARA,AZEMMOUR - Bd Zerktouni Azemour,+212518753381
2a43eedc-d6b0-4787-8de7-ebf9229ca909,SEBT GZOULA,LALLA ZAHRA - Angle Avenue Echouhada et rue Churchil El Jadida,+212549859736
0bec267d-9327-4ab2-a5cf-5ac675410e83,DEROUA,BEN AHMED - BOULEVARD MOULAY ABDELLAH,+212555485468
d20eb471-8c95-456a-a2bc-52e00923a05c,TISSIR,AZEMMOUR - Bd Zerktouni Azemour,+212586335137
c7561cf7-b5fa-4788-8497-05474a24fe7b,LIBERTE,HASSAN II - Angle Bd Kennedy et Bd Hassan II (ex Bd C) 20250 Safi,+212510077139
32b40b28-0640-4249-a9f6-45293bb8bf10,BIR ANZARANE,"SIDI RAHAL PLAGE - Sidi Rahal, Chatii n° 31 et 32",+212591846024
2c93c181-64c4-41dd-89e5-2c17740d4843,JEMAA SHAIM,OUMI RABII - Boulevard Mohamed V N° 230 Azemmour 241000,+212537967877
1edd30b3-73c9-4391-9b03-ed98f11d09fd,HASSAN 1er,TINGHIR - BD.MOHAMMED V,+212514491926
baae4e8b-bca2-47fd-b122-113157f7d718,HASSAN II,L.HNIA HAMRIA - BD DRISS BEN NACER,+212576894954
0b11ce81-1304-4c82-8ed1-06346710979f,OUALIDIA,"ZAOUIA - Quartier sidi Ouassel, Safi 46000",+212567086201
3bb739b6-2fc6-4793-a9f0-341c90e1833f,AZEMMOUR,AZEMMOUR - Bd Zerktouni Azemour,+212594596321
ae8c72b8-0bc2-4ebc-b64e-4420263ceabe,MOHAMED V,BIR ANZARANE - Avenue Bir anzarane lotissement zone d’activité économique tranche 1 lot N°68 Youssou,+212584347695
b6a4fda8-34ab-4fe7-a608-4f7c66f9f3ce,HAD OULAD FREJ,HAD SOUALEM - ROUTE EL JADIDA LOT SAHEL .LOT 209.,+212511516028
7a8a520d-dd71-4a24-8b24-573419642f9b,ZAGORA,"OUALIDIA - NAHJ HASSANI II, OUALIDIA",+212517154761
bda539fd-777d-4a2a-a35e-b4713c382eac,LALLA ZAHRA,LALLA ZAHRA - Angle Avenue Echouhada et rue Churchil El Jadida,+212572055558
aaee5307-d464-45c5-896e-8683ca8dee27,LIBERTE,ANNASR - 64 Quartier Moulhia El Jadida 24000,+212504739640
5837a710-6987-4026-baca-451fe6a9408d,BEN AHMED,"JAWHARA - 7, Dachra imm. 3 route de Marrakech Provinced’El Jadida",+212572131972
e66c2504-c66c-44b6-95ba-3125fe7a41ec,M HAITA,"MOULAY DRISS 1er - 26, boulevard Kennedy, Safi",+212523996703
e760180b-feb7-47fa-bf1a-94066f952f3c,BIR JDID,"MEDINA - 2, rue Ben Simon place Moulay El Hassan 24000 EL Jadida",+212511356929
24c38f22-7648-47a8-8325-23d78df71845,OULAD TEIMA,KHEMIS ZEMAMRA - ROUTE DE TNINE GHARBIA 24200 KH.ZEMAMRA,+212544596401
30a74bbe-931d-4b7f-9137-49545abe8121,LIBERTE,JEMAA SHAIM - ROUTE DE CASABLANCA JEMAA SHAIM,+212565144924
0ef765a8-ecd7-4ec9-96fb-88c09ef53bf2,OULAD SAID,"JAWHARA - 7, Dachra imm. 3 route de Marrakech Provinced’El Jadida",+212502300837
c4c96a2d-36f5-46ce-ab7f-549405c8f185,KHEMIS ZEMAMRA,BEN AHMED - BOULEVARD MOULAY ABDELLAH,+212549773292
02a0ea0d-a6ca-4a24-9556-84741f13e457,BIR JDID,TISSIR - Bd Hassan II lotissement Halima lot N° 1 Berrechid,+212530577577
d17dce3b-ae3b-4e35-aa88-55f59ca376f6,ANNASR,SIDI OUASSEL - ROUTE SIDI OUASSEL AVENUE BOUJDOUR SAFI,+212562634494
5de88a4c-1213-4223-833a-4e41a237c9c2,SIDI RAHAL PLAGE,"OULAD SAID - Lotissement El Kheir, Lot n° 36 – Oulad Said Centre – Route secondaire n°105 – Province de Settat",+212545869877
354607dd-9ec6-4480-a662-f12364008de9,JEMAA SHAIM,AZEMMOUR - Bd Zerktouni Azemour,+212556169674
4790490a-a911-489f-8f73-e51f43ed8383,BEN AHMED,"NASSIM - Bd, El Alaouiyines, 33 lot Nassim III El Jadida",+212511047749
c99d56b8-ecef-41d3-8a18-179f93363605,TISSIR,"ZAOUIA - Quartier sidi Ouassel, Safi 46000",+212586865038
0d7549f6-7698-45aa-ac87-2a68451e5755,HAD OULAD FREJ,"ZAOUIA - Quartier sidi Ouassel, Safi 46000",+212589096640
d47b409f-9b20-43bb-8a07-72d8d22f5f7c,AZEMMOUR,KHEMIS ZEMAMRA - ROUTE DE TNINE GHARBIA 24200 KH.ZEMAMRA,+212543615552
468033ef-b0a3-4b7d-afda-e8bdd0f2f526,L.HNIA HAMRIA,BERRECHID - 34.AVENUE MOHAMMED V,+212562899931
a661d654-a52c-4eed-9dd7-6d88e4495d99,L.HNIA HAMRIA,BIADA - Rue Atlas Quartier BIADA,+212598707097
04c41e25-9d49-43d0-97b9-32f1a172340c,IBN BATTOUTA,JEMAA SHAIM - ROUTE DE CASABLANCA JEMAA SHAIM,+212501112131
7b2f4412-7d7d-42ed-bc3d-ece7d9101b83,BIR ANZARANE,BIADA - Rue Atlas Quartier BIADA,+212528778755
3416f39c-70db-4df2-ad89-9d1e69ecaaff,TATA,"MEDINA - 2, rue Ben Simon place Moulay El Hassan 24000 EL Jadida",+212555225391
d493b2f3-3d43-4aa1-a0e8-d05a992171c7,R’BAT,TATA - BD MOHAMMED V,+212586514461
d27af7a8-0c38-4465-a705-c625b1317df4,LIBERTE,BOUCHRIT - ANG BD ZERKTOUNI & RUE PASTEUR 24000 EL JADIDA,+212544125644
01abab2d-4762-447b-8acd-f7bc19125472,BIR JDID,KHEMIS ZEMAMRA - ROUTE DE TNINE GHARBIA 24200 KH.ZEMAMRA,+212511595278
be499224-4b94-4254-b5ee-8f2421809dfb,HASSAN II,R’BAT - PLACE DE L’INDEPENDANCE,+212589356584
9601da3e-705d-4fe2-846a-48a8add8244a,BIR JDID,HASSAN 1er - Lotissement Essadaouia route de Tafraoute Tiznit,+212504061278
f292192d-e263-4f07-937a-06ffc7e8d626,BERRECHID,"SIDI RAHAL PLAGE - Sidi Rahal, Chatii n° 31 et 32",+212500466326
34b60ce9-8e8e-47cf-ad0f-f243aba661fa,MEDINA,OULED ABBOU - Bd. Hassan II N° 12 Ouled Abbou,+212574245677
53eaef6b-0411-486a-870f-abcb3b8b2e98,KHEMIS ZEMAMRA,AZEMMOUR - Bd Zerktouni Azemour,+212569620291
6b23516c-39b8-47f0-a29c-e46884115a19,JEMAA SHAIM,"ZAOUIA - Quartier sidi Ouassel, Safi 46000",+212558447510
b3be31fb-f3c6-4926-bf55-8caa813e6766,OUMI RABII,ZAGORA - AVENUE MOHAMMED V,+212538620154
3da23c29-eb06-47e3-86ca-879d89412aa0,ZAGORA,ZAGORA - AVENUE MOHAMMED V,+212572331267
2c0a3fc2-fe2e-4174-b628-9429156647e7,MOKHTAR SOUSSI (MRE),LIGUE ARABE - 7 Avenue Mohammed VI 24000 EL JADIDA,+212517124861
d745871b-f92e-4831-a44d-4852bd199e11,TINGHIR,HASSAN II - Angle Bd Kennedy et Bd Hassan II (ex Bd C) 20250 Safi,+212529343096
91630cc0-6294-452c-a318-e87fac05ce8a,BERRECHID,AZEMMOUR - Bd Zerktouni Azemour,+212531402864
de5c53ac-3af1-474e-a5c5-2c93f6fa26a0,LALLA ZAHRA,"ZAOUIA - Quartier sidi Ouassel, Safi 46000",+212501668135
f1e86303-7d6f-4acb-9999-b070879f05f0,EL BROUJ,BERRECHID - 34.AVENUE MOHAMMED V,+212507692900
04d47b93-495c-4f1a-bc33-1e51afa11bfe,HAD SOUALEM,L.HNIA HAMRIA - BD DRISS BEN NACER,+212537776030
adaee991-ac5e-4c21-94e3-16ec7096887b,ANNASR,TAZNAKHT - CENTRE DE TAZNAKHT,+212507296702
11136c4b-2494-44e4-9213-4608ab5a4bb1,HAD OULAD FREJ,JEMAA SHAIM - ROUTE DE CASABLANCA JEMAA SHAIM,+212585355731
6c492955-3280-48c1-9c78-8c72297994d5,LIGUE ARABE,HAD SOUALEM - ROUTE EL JADIDA LOT SAHEL .LOT 209.,+212536084886
b0deb919-df19-4309-a99b-a3a78f9a0f31,OUMI RABII,"MEDINA - 2, rue Ben Simon place Moulay El Hassan 24000 EL Jadida",+212534867607
aa35b7df-b6e1-4757-9fa8-440c6be41e44,TAZNAKHT,OUMI RABII - Boulevard Mohamed V N° 230 Azemmour 241000,+212507852969
508416cd-6ad6-4f41-a5c3-99edf023e73e,BERRECHID,BIR ANZARANE - Avenue Bir anzarane lotissement zone d’activité économique tranche 1 lot N°68 Youssou,+212594011742
42a7cc23-21ce-44e8-be6f-6276ca502cfe,TATA,HASSAN II - Angle Bd Kennedy et Bd Hassan II (ex Bd C) 20250 Safi,+212575184377
aede6166-12c5-4822-b99a-f3eda718b503,BERRECHID,IBN KHALDOUNE - 7 AV. HASSAN II & RUE IBN KHALD,+212544811938
b3ad3c36-0707-4022-91ba-65d3b1dcfa1a,LALLA ZAHRA,"ZAOUIA - Quartier sidi Ouassel, Safi 46000",+212523330137
166226d1-7c0f-4d0a-a856-873a1da7b491,R’BAT,"NASSIM - Bd, El Alaouiyines, 33 lot Nassim III El Jadida",+212566332884
5b3fe4b0-90cf-4e7d-96f5-9848ad58631b,M HAITA,DEROUA - Lot N°2 bis lotissement Khadija,+212508472305
7845c114-be5d-49d5-99d3-0f6db8e241db,KHEMIS ZEMAMRA,SEBT GZOULA - ROUTE KHEMIS N’GA SEBT GZOULA,+212508953504
83252150-23c5-4d26-9bf9-25c53ee24ae7,SAADA,BIR JDID - ROUTE PRINCIPALE CENTRE BIR JDID,+212551761202
3c3fcae5-93f3-4b99-8259-29619d056727,HAD OULAD FREJ,"SAADA - Zankat Charif Idrissi Quartier saƒda, EL JADIDA",+212590270287
dbcccf88-3906-4147-b12d-0178687aa819,OUMI RABII,ESSALAM - N° 77 quartier Essalam 24000,+212538280102
9b9d1952-e8f4-48f9-b2dc-c8aa2379714f,MOKHTAR SOUSSI (MRE),EL BROUJ - BOULEVARD MOHAMMED V,+212583007518
ab0fbedc-a9d6-4c29-ba40-e54882386843,SEBT GZOULA,R’BAT - PLACE DE L’INDEPENDANCE,+212504383778
74d763b8-a6f0-440b-ac08-8c4f4e576c70,OUALIDIA,MOKHTAR SOUSSI (MRE) - AVENUE PRINCE HERITIER SIDI MED BP:44,+212523176064
904571f1-6851-4f35-95d1-561e84e524e3,ZAGORA,IBN KHALDOUNE - 7 AV. HASSAN II & RUE IBN KHALD,+212579709247
5e7a8e40-9ca2-4200-9a63-321cd9d1b4e9,OULED ABBOU,HAD OULAD FREJ - ROUTE SECONDAIRE N° 105 24300 H.OULED FREJ,+212522346833
7c910b78-e406-49ae-9bfc-e275d577659b,L.HNIA HAMRIA,EL BROUJ - BOULEVARD MOHAMMED V,+212511397630
2de87215-8b80-48b3-93c5-e6ab43132910,IBN KHALDOUNE,"ZAOUIA - Quartier sidi Ouassel, Safi 46000",+212547848458
1a997982-2979-4751-8a31-d57816b9282d,M HAITA,TAZNAKHT - CENTRE DE TAZNAKHT,+212507539696
f53dbb8b-9a19-46ec-80a3-8a1a6579c1cc,KHEMIS ZEMAMRA,ANNASR - 64 Quartier Moulhia El Jadida 24000,+212507083532
56171325-5ae7-4d5e-a6b8-c2e5e1bd498c,KHEMIS ZEMAMRA,LIBERTE - AVENUE DE LA LIBERTE,+212590348787
2f6854c0-aa52-4021-bdae-78d0676597d7,EL BROUJ,MOHAMED V - PLACE MED V V N BP: 175,+212542918996
bb64cc05-96a6-4f46-a367-16b4c3980f98,BERRECHID,JEMAA SHAIM - ROUTE DE CASABLANCA JEMAA SHAIM,+212565300590
187477ec-6f82-4f6c-93a5-ef5b49c58d7d,HASSAN II,OUMI RABII - Boulevard Mohamed V N° 230 Azemmour 241000,+212502179334
988e3d46-dac5-4586-9c15-ad60c195da8e,MOKHTAR SOUSSI (MRE),ANNASR - 64 Quartier Moulhia El Jadida 24000,+212506551321
42405266-917c-4dfa-9b48-c1025114875e,IBN BATTOUTA,BEN AHMED - BOULEVARD MOULAY ABDELLAH,+212524590057
d1228d17-7f97-4333-9335-2570b1e23f1a,TATA,"SAADA - Zankat Charif Idrissi Quartier saƒda, EL JADIDA",+212580682497
0b46c6c8-d68e-416b-a4fc-d28a99b1f9ed,EL BROUJ,BIADA - Rue Atlas Quartier BIADA,+212572194353
7c3b0018-54e5-4db0-b625-51097bb52e98,LIGUE ARABE,R’BAT - PLACE DE L’INDEPENDANCE,+212503346916
ede6400b-ceea-43c9-aedd-e29055ad5dda,ESSALAM,LIGUE ARABE - 7 Avenue Mohammed VI 24000 EL JADIDA,+212556684303
0f8f7333-7b7f-43f0-83f1-fbf1722b0736,LIGUE ARABE,"SIDI RAHAL PLAGE - Sidi Rahal, Chatii n° 31 et 32",+212539383374
3335f3d8-606e-4bee-aeb8-c5bb89a17b1b,MOKHTAR SOUSSI (MRE),BERRECHID - 34.AVENUE MOHAMMED V,+212517190881
8d9a83f7-f997-44d1-9935-6663d24674ce,MIFTAH EL KHEIR,SEBT GZOULA - ROUTE KHEMIS N’GA SEBT GZOULA,+212589143558
af906085-f1d1-4201-ba30-351574259d51,MEDINA,MOHAMED V - PLACE MED V V N BP: 175,+212599160010
1bcb0a5f-f613-47c1-a6aa-46c60178b371,TINGHIR,BIR JDID - ROUTE PRINCIPALE CENTRE BIR JDID,+212529810296
ae374216-963c-4e41-b01c-2f12cab811c5,BEN AHMED,HASSAN 1er - Lotissement Essadaouia route de Tafraoute Tiznit,+212579185328
4b433bb7-b38d-4e35-961b-81211e27700a,HASSAN II,"SIDI RAHAL PLAGE - Sidi Rahal, Chatii n° 31 et 32",+212506242964
8d2c9045-3b3c-422f-8568-c3408944f162,IBN KHALDOUNE,TISSIR - Bd Hassan II lotissement Halima lot N° 1 Berrechid,+212509520608
c37746de-bd22-45db-b215-9075993f4ed2,ESSAFAA,"ZAOUIA - Quartier sidi Ouassel, Safi 46000",+212596500544
75c8c2e7-83bb-4c4b-bb04-ca9ff4177b10,TAZNAKHT,LIGUE ARABE - 7 Avenue Mohammed VI 24000 EL JADIDA,+212592316067
d79ffb70-beab-429c-bf12-a84caad9fa68,BOUCHRIT,M HAITA (MRE) - ROUTE DE MARRAKECH,+212512572600
b518cbcd-0b1b-4d33-9641-ffe7f3ffbcaa,SIDI OUASSEL,BIR ANZARANE - Avenue Bir anzarane lotissement zone d’activité économique tranche 1 lot N°68 Youssou,+212562596392
a37dbfa3-550f-47a5-bbc8-e5fa8ab7a004,LALLA ZAHRA,"JAWHARA - 7, Dachra imm. 3 route de Marrakech Provinced’El Jadida",+212562431118
a654d327-1216-45b1-adb1-0243530067fe,KHEMIS ZEMAMRA,"NASSIM - Bd, El Alaouiyines, 33 lot Nassim III El Jadida",+212504862699
fe9ecc8f-28c7-4b02-9bad-298761bd5abd,L.HNIA HAMRIA,MOHAMED V - PLACE MED V V N BP: 175,+212515120835
4c0dc109-d0bc-41f7-b22f-2e5b6258adbb,ESSALAM,HAD OULAD FREJ - ROUTE SECONDAIRE N° 105 24300 H.OULED FREJ,+212594412790
4073aec7-2d08-4302-b35e-a2ba3cc79faf,MOKHTAR SOUSSI (MRE),"MOULAY DRISS 1er - 26, boulevard Kennedy, Safi",+212512476611
26c3ba84-e501-46ae-b0ab-f5129a9be792,SEBT GZOULA,"MIFTAH EL KHEIR - Bd, Fkih Haskouri route Had Hrara Safi",+212504137556
614d1ab7-c2cf-4533-a91e-75be1dd70ff9,ZAGORA,BIR ANZARANE - Avenue Bir anzarane lotissement zone d’activité économique tranche 1 lot N°68 Youssou,+212534065026
d6671725-7184-4b6e-9705-277936116a8e,BIADA,MOKHTAR SOUSSI (MRE) - AVENUE PRINCE HERITIER SIDI MED BP:44,+212509514952
