ATM_ID,Localisation,Informations
217a5268-5bbf-4b80-8a51-5486ce036cb0,"4, rue Pelletier
48428 Olivierdan",Ouvrage défendre but réel traiter.
dae889ff-65a3-4fd5-a67c-700175c3ead8,"rue Georges
06673 Rousseauboeuf",Soir danger venir personne peur.
cefded98-b7a3-4c28-af05-e2ae7f790c39,"680, avenue Luc Guillaume
77736 ColasBourg",Surprendre engager servir rapidement.
4898fa2d-2db3-40ee-9a73-147d1a0fd848,"69, rue de Gauthier
44775 Saint Michèle-les-Bains",Appartement écouter abattre arrêter respirer abattre.
f9391140-65fd-4594-92ee-0ece5d7e92fd,"105, rue Aubert
31424 Sainte Robert",Signer promener passé état loi chaise loi.
1af858ba-69ec-482d-aa74-f3b9d98b0e3c,"45, chemin Amélie Marchal
14218 Saint Noëldan",Calme durer avec coûter froid tu poussière.
e78c4c94-c889-43a7-9c01-b48a57aa0c0e,"3, boulevard de Chauvin
24137 Saint MargueriteBourg",Regarder recueillir relation notre.
b91aabe3-9481-4048-8cdf-0bca566e6b77,"66, rue Alexandrie Renault
88250 Chevallier",Signifier pouvoir bête hiver.
67ad9323-cb01-48a7-ae82-43d2491d8a18,"95, avenue de Mathieu
85827 Leclercq-sur-Pages",Révéler suivre milieu glisser.
98c0e47f-1cd5-4b72-9928-9e6df47b4cee,"boulevard Josette Henry
22249 GérardBourg",Elle reste plaire absolument soldat.
d8d4c99b-a4d7-4c41-a414-9acbf43ff324,"435, chemin Jacquet
42527 Fournier",Vent attention mer or million goutte pousser.
222fdc81-05f9-40a0-b781-4e9065b7486d,"71, rue de Brunel
38808 Turpin",Ça patron décrire montrer attendre.
c38236be-430b-4689-9c90-7dde05794e64,"92, chemin de Pichon
28565 LambertVille",Pouvoir discours travailler selon autre.
656eaa01-54c4-41c9-bf3c-d53991a54cf7,"60, avenue Morvan
18272 Roger",Séparer dresser esprit retourner reste visible.
fe9edbb7-7614-43cf-947a-0e2f5eb224ad,"7, boulevard de Dos Santos
82705 Sainte Christinedan",Conversation justice drôle expérience.
08d08b4b-2eff-4869-aa37-e297658be5f1,"669, chemin Marcelle Gimenez
18764 Grondin",Dont voix intelligence garder.
13049e19-2acb-45d6-94a7-74e0292038b5,"65, chemin Nicole Lopez
66336 Sainte Colette",Mener siège vêtir ni vers bon.
2c15fa40-a87e-4af7-999b-fcfe627f326d,"70, rue Frédérique Perez
56567 Sainte PierreVille",Livrer prendre tout président prix verser après.
48aba7b2-738d-432d-a7b3-bc290bf4a4da,"671, boulevard Dorothée Berthelot
75794 Gauthier-les-Bains",Ici branche mensonge travers un jeu ne continuer.
1ef23ac0-ea2a-4d90-9fea-0c6a0acc4e33,"93, chemin de Pinto
10758 Goncalves-sur-Guillaume",Droit conseil façon salle traverser.
3907d726-2fcf-4ab1-8891-6bc3a9df58ff,"3, chemin Lefèvre
49539 Dupré",Gauche parler voisin police bout compter sol.
e85e558b-bab6-4902-af53-ee5d064a3559,"36, boulevard Delorme
80839 Lelièvre-sur-Mer",Somme marquer cerveau partir veille songer.
a24207dd-d4de-4efb-bf9b-9e686608ded8,"837, rue de Regnier
97624 LambertBourg",Comment servir d'autres rester vers sourd cours.
c3394045-c569-43e3-81d1-9f032abaa582,"92, chemin Faivre
09809 Lesage",Plaire croix plaine chat terme pain.
68ad72c9-628f-4946-bfdb-28da7645eb61,"avenue Berger
69480 Fouquet",Émotion durant tapis accomplir cheval.
3a2f1a85-aa18-4e40-a9cb-c4eb9442168c,"5, rue Lucy Dumas
81517 Devaux",Contenir prononcer fumée vérité premier bas afin de vague.
2c159138-6ed1-421d-9604-ca7611b12d6c,"293, boulevard Ferrand
84445 Saint Émilie",Social nuage banc.
cda88e98-a9fd-4e08-a344-a1cc8767489f,"6, chemin Bousquet
15860 GilletVille",Imaginer escalier garde aussitôt.
5651818f-c4e2-4594-8877-8d7b31219bf5,"38, boulevard de Collet
22409 Charles-sur-Rocher",Pour bas diriger simple.
2d5d6335-b959-4d11-a14c-edda5cea92c0,"710, avenue de Fontaine
46223 Barbier",Attaquer impossible heureux établir.
2e9f95e3-9f6c-4099-b091-281d39bbcb4f,"28, rue de Baudry
48442 Fabre",Rose portier que baisser dix.
1dba0703-1c2c-4fca-acb1-4f1285ec4602,"91, avenue Menard
93273 Juliennec",Fait devenir glisser manger monter épais habitant oiseau.
2ad18cf7-5ab0-42b9-9a06-90aafd85f9e1,"48, rue Olivier Becker
04639 Michaud-sur-Pasquier",Vêtir goutte billet âgé d'abord sol douze quant à.
f4e2605d-9ad2-4fe3-bb2a-f537554c7548,"boulevard William Leleu
77236 Hernandezdan",Briser immobile partout dieu résoudre.
d34c8aac-c90e-4b5b-bc0a-a017201983aa,"67, boulevard Jeannine Louis
15574 Saint Pauline",Traîner violence beau gauche.
0bfe7fae-1b27-43b2-af34-68213bdf4cc6,"86, rue de Gosselin
57195 Saint Véronique",Tête repousser rejeter minute boire gouvernement.
0719a292-4469-4590-bf84-971a3113055f,"11, rue Adrienne Renaud
92773 Étienne",Raconter traîner président naître le inventer ouvrage.
fbbeccdc-cc2a-43d7-8de7-4cb2d87ff913,"82, avenue de Meyer
49937 Pasquier",Lendemain importer neuf repas installer.
b32310da-883c-4466-9940-e515c660ac6e,"76, rue Alexandre Delorme
18535 BousquetVille",Effet terrible aile mari.
ea136916-5ff2-4931-b193-6c99b8c24363,"21, avenue Jourdan
15673 PonsBourg",Mort vivre haut comment justice.
9dd4d722-7a15-494f-a0be-b9ee4aaedd59,"rue Nicole Peron
86209 LeclercqVille",Ensuite sac précéder as vide précieux.
220720e1-2cfe-4afb-8b6e-f0b49cc0b992,"49, rue Pascal
45470 Sainte MichelleVille",Employer mourir soi cause rejeter vouloir.
ed4dad1c-6822-40ff-8a47-078266c70da8,"65, rue de Maury
59209 Saint JoséphineVille",Saisir donner ça chair réduire.
99cd3e70-03c5-432a-a4a2-5a080cfd8626,"26, rue Devaux
47675 BlanchardVille",Bord obéir étage nombreux premier théâtre.
3ff170fa-0fde-4e26-b713-3bd6c1de8e52,"39, rue de Jean
71617 BoucherVille",Français comment frapper sept.
ade49063-9394-440d-8129-ab4e4f13166e,"48, boulevard Alexandre
10204 Charles",Repousser souffrance vérité solitude.
40c152e9-6132-4d77-9083-1299f2be1fb1,"avenue de Joubert
59463 Cousindan",Quinze accrocher oui bouche impression remarquer étaler.
a524d98a-d4d4-4da5-870f-4b7191e9ebea,"697, rue Chartier
76846 Hubert",Impression moi est loin.
a63420a3-c32c-43c0-96e8-8fa4ff69d59b,"420, rue Bernadette Perrot
45858 GrenierVille",Pied annoncer cou dès apercevoir.
c1be3dea-eca0-4fd1-8079-0822be078464,"47, rue de Michaud
48575 Legendrenec",Briser tracer coeur rien chose fumer montrer.
164d9c67-abbc-4fa2-b016-915db7219ae1,"52, boulevard Clément
59371 Blanc",Service vêtement dont satisfaire possible miser.
9ec0d510-d2d7-4fb8-9994-1abde0eaa0b3,"89, rue Roland Schneider
23890 Descamps",Mer environ habiller force côté coin verser face.
de63badb-5a70-44d9-894f-187723546f50,"8, boulevard Théodore Petitjean
72577 TeixeiraBourg",Il ce cour pourquoi lettre courage.
fde6742c-082b-42a9-80ef-683d19b14ef2,"21, rue Gilles Hamel
34556 Saint BrigitteBourg",Facile direction arracher discussion visage.
06a76dee-343f-457d-9b96-82db8f5fe88b,"chemin Adrien De Sousa
38362 De Sousa",Fait rayon élément.
c9aae247-2836-43cd-8c81-f99bdc375d82,"1, rue Legros
84115 Saint Stéphaneboeuf",Beauté accuser briser auteur.
e6af85cc-46a6-451d-80c3-1cc327b46825,"chemin Charpentier
62691 Duhamelnec",Bout couler serrer être salut soumettre appel.
aaf7633a-e6d8-4f22-bcf4-1e92015f8b2c,"4, rue Philippine Jean
59341 Lebonnec",Différent air sommet dire avec angoisse.
c0685115-b896-41e3-bb39-a7ee26f93434,"2, boulevard de Ollivier
03523 Guillou",Vieillard observer confiance intention.
76493472-a535-4fe7-9341-331a3e237bfc,"29, chemin Schneider
84890 Saint Juliette-la-Forêt",Monsieur bouche deviner forêt.
c54af980-248b-45cb-812d-0453c5c9aafe,"98, boulevard de Schneider
20335 Jourdan-sur-Pruvost",Fusil livre abri couche prince juger.
778cc173-6e69-4c40-a484-2cee6b268adf,"83, boulevard Alexandre Mallet
05611 Barbe",Plein réel prince faim petit remonter.
b1556410-ae3c-483c-8ae7-63bb2a5a733d,"avenue de Perrier
22200 Barbe-les-Bains",Terre esprit présence système retenir.
69109bf6-f1e6-4fee-a53f-c57bf149cf9e,"24, avenue Legrand
44153 Gimenez",Mal alors enfant animer.
c4c13e97-26dc-4358-8733-056101ac4098,"91, boulevard Schneider
56185 Potier-sur-Moreau",Par oh doucement mon remplir mur.
6b7b4292-5175-4694-a33c-e4e08b5ac138,"7, boulevard Weber
35954 Carpentier",Veille queue asseoir vie défaut arbre.
23d9856e-ec10-42ae-9310-ce732a70d6be,"5, rue de Cohen
01253 Saint MadeleineBourg",Condamner énergie perte françois famille deviner.
98f3d7b9-5a83-4ce6-b71d-776e9631c865,"16, chemin Marie
44292 Gros-sur-Étienne",Supporter paix maladie rapport enlever arrêter vieillard.
7199bf25-8341-42db-adb0-5fe6664f364a,"rue Richard Traore
24479 Chauvin",Cou vision rejeter autre main examiner flot.
5768b96a-c9dd-41b2-bfd4-142a24a6fdcf,"894, boulevard Chevallier
67163 Royer-sur-Lopes",Mince yeux garde court colline mener.
e7192c89-4183-4431-8f93-b03eaed8267b,"rue Gérard
10522 Valentin",Placer escalier beau lien parce que le grandir.
5d2cacf8-865c-483d-b69d-cc2b71bb1fa8,"1, boulevard de Legros
03226 Benard",Baisser soudain plaisir pareil.
80cdd5d6-0835-4402-b284-4bb72433c812,"40, boulevard Collet
13630 Moulin-sur-Mer",Confondre emmener mort demeurer montrer rassurer personne.
c89d2964-aafa-4ba8-8955-986d68ddecca,"84, boulevard de Charpentier
18497 Ruiz",Pendre bon premier plaire condamner courir.
a15ee052-010e-4170-ac0d-b20798c19c50,"3, boulevard Gillet
81743 Descamps",Prévenir trou rayon vaste ciel trace haut simplement.
097f3355-dc27-4359-b557-82c724cde8f7,"34, chemin Wagner
50294 Morvan",Creuser faim moyen.
9c7cc789-dc41-4c12-bebc-52fddaf2b318,"44, avenue Élise Poirier
31689 Collin-sur-Loiseau",Éclairer dur te accord étrange demain.
8f175fd8-bc4e-40c4-bc72-09b5e4950bd3,"120, rue de Gilles
82865 Rivièrenec",Durer seconde leur.
09b0a86b-f550-42ac-aaf2-715a199d44e2,"30, rue Isabelle Fouquet
74330 Gonzalez",Former papa pouvoir obéir appartement vieil.
4f4ef119-dc73-4cfb-b37d-590b50bee632,"chemin de Maillet
90584 Vallet",Six aile permettre selon mort large magnifique.
19baa0b2-569f-4a3d-89b8-7469f5556c5e,"avenue de Fournier
25852 Sainte Noémi",Ça remplir président admettre hôtel.
846125c1-c9be-4f00-b4f1-8760c90b8a9e,"avenue Ruiz
56725 Barthelemy-sur-Michaud",Bonheur carte oreille dormir.
f5dba9d7-149e-4738-adc7-3bf5bcae1a38,"3, rue Denis
27386 Meyerdan",Idée plein plaisir endormir remplacer nuit.
e56841f7-a589-41ee-a4cc-8adb094941ff,"rue Luc Hardy
11421 Jourdan",Médecin descendre genre chaud toile arbre.
62092d14-47f1-41a6-8fca-849d1b6590d2,"585, avenue Aurore Rousset
17653 Saint Bernadette-la-Forêt",Toujours devant entrer retenir course deux importance.
b315c299-2e81-4ab6-88ce-43c5fbc91cd6,"273, boulevard Frédéric Blanc
87546 Henry",Sourire discours public défendre dès beauté.
a398e84c-379f-48b6-af39-218a25dfb942,"48, rue de Delaunay
10644 Hardy",Marché terminer étranger docteur d'autres.
bde31397-585e-41f4-9f1a-27ec062d5296,"73, avenue Antoinette Lemonnier
40469 Humbert",Mal respect avis sujet.
cab76333-f0cc-447a-8c09-3100084da03c,"3, chemin Jacques Benoit
76702 Leleu",Croiser reposer discussion auquel gros disposer.
f979072b-caa3-45e6-93f9-b6d55d6f9079,"rue Dupuis
51828 Albert-sur-Faivre",Amener durant selon mieux devoir côté.
0b91f0f1-6459-4f59-bc86-c7f741c5a41b,"5, chemin Alfred Guichard
27254 Lambert",Absence maître doux couvrir couper.
0ece3b20-d404-4f40-bae4-cb92bf157051,"84, boulevard Fleury
97639 Mercier",Émotion trouver pays cas propre beaucoup supposer.
a736c403-4655-47ad-9b23-543d1bbdcf4e,"18, rue Jacques
74459 Chauvin-la-Forêt",Problème résistance meilleur anglais enlever conscience.
1f7e0737-ab8c-489d-9f70-f0b2467e7c0a,"33, chemin Martine Georges
09755 Saint Colette",Sauvage pied ruine parmi intérêt grandir.
3b0899ac-6005-48ce-b6e6-5f2321f13e4d,"61, boulevard de Lopez
47586 BenoitVille",Derrière trouver solitude arriver honte.
f2001073-b1e1-4f90-9a20-8031f0292792,"866, boulevard Legrand
15267 Garnier",Fond commencer connaissance brûler.
ce163bdd-552d-4855-a9cd-ef30414cdde5,"5, rue Honoré Aubert
86814 Delorme",Composer assurer nation devant croiser pas souffrance immense.
f88e4a60-194c-4c6f-8003-3a1093b00c9a,"7, rue Mathieu
20289 Tanguydan",Crainte sol parce que sueur plein.
33030be8-693d-451f-9591-1df101706ce8,"60, chemin de Olivier
93694 Lefebvreboeuf",Exprimer intérieur hauteur.
0554d9dd-49f5-4732-9a53-dcca74bdddb2,"86, boulevard Aubert
49643 Berthelot",Manier voiture conscience naître pénétrer vide rapporter.
