ID_Evenement,Nom_Evenement,Date,Lieu,Description
b944208f-6c4f-45bc-9020-64325c140b7f,soutenir,2024-01-29,"544, chemin de Marques
79555 Lefebvre",Beau rendre terrain exécuter pauvre semaine. Jeu fin parent prévoir. Colline être or tenir quoi. Centre ciel arbre compagnon riche bien approcher.
ae3f20d2-60f9-480b-9d1b-7e5c79f6088d,chercher,2024-02-07,"59, boulevard Dumont
78430 Masse",Etc jeune tout éviter mode bureau inquiétude ami. Admettre prison circonstance.
727eca39-df29-4d9f-bc09-3a86c717eeb2,assurer,2024-01-16,"13, chemin de Techer
09353 Blondel-sur-Mer",Vie verser possible contre ancien partout. Éloigner continuer passion attaquer avoir idée chaleur clair.
0fbaf98a-365b-4b3d-a1b7-f05dd59ed7bf,baisser,2024-01-23,"264, boulevard Lombard
93256 Mercier",Époque éteindre genre figure quelqu'un. Calmer saison page existence machine.
2bbec22d-121a-4300-8300-7c724a75ce28,instant,2024-02-02,"38, rue Daniel Albert
60761 Bertrand-les-Bains",Demande impossible maintenant mille robe secret rejeter. Révéler poussière gauche ferme éclairer séparer. Port nous celui as lettre poésie. Voiture franc apercevoir lèvre dominer âgé.
ceccbb4b-e105-4d4b-915c-2fb47807b034,tantôt,2024-02-23,"92, avenue Ribeiro
21801 Bègue",Rond esprit calme loi tranquille condamner quatre profiter.
9ba269df-493f-4b0b-af75-9f62fa66486a,éviter,2024-01-18,"543, rue Mary
36191 TeixeiraBourg",Sable puissance léger lettre fleur créer. Voir foi partie exposer système entrer. Songer rapporter puissance profiter tout extraordinaire jardin.
bbf22228-c8ad-44ca-bba7-c3fa904ded50,projet,2024-01-28,"956, avenue Lombard
20569 Saint Guy",Tenter surveiller aider traîner saison étroit. Apparence respecter diriger tu cause.
3d9b950f-a024-4735-823e-8d8008d9e5dc,soleil,2024-02-10,"896, chemin Turpin
52319 Rossiboeuf",Portier simple aucun croire malgré. Éternel cheval anglais rang gauche.
30b876a7-bb0e-48c3-a2ed-92aa62302a94,instinct,2024-01-25,"51, avenue David Hoarau
53175 Seguin",Circonstance votre encore vue silencieux visite. Haut sentir accompagner soi intérieur. Durer port de situation chasser serrer.
62902705-18cd-4315-a753-7e563bd235b7,membre,2024-02-17,"6, avenue Pénélope Weiss
76991 Julien-sur-Laine",Pas entraîner agent air reculer papa. Vision soulever d'autres droit afin de sonner type. Si poussière salut autrefois.
49ab5693-4dd3-42c7-9e42-bfabd7e49747,vif,2024-01-29,"44, rue Astrid Lecomte
45220 Saint LaurenceVille",Large fuir causer direction. De siège envelopper impression.
b68fc339-326a-4fc2-af27-2f99b6b5024d,nécessaire,2024-01-24,"53, rue de Neveu
39657 Lefort",Décider apparaître surtout avant scène système prendre. Troubler environ ligne groupe joie regretter. Lisser flot billet voisin arbre monsieur transformer étaler.
016d0624-4e08-41f3-b6f6-6a27c68a4419,goutte,2024-02-12,"37, boulevard Lejeune
30319 GaillardVille",Risquer nommer dépasser tracer fatiguer geste supérieur. Vivre heureux attention non demain elle blond. Toi aspect crise envie lutte.
08573c81-5655-4681-8553-398105524067,soit,2024-02-23,"261, avenue Monnier
63237 Adam",Entourer armer morceau moi. Envelopper même au image partager. Français effacer ligne appartenir silencieux demander.
a93ad722-80ce-4f92-bcd5-1a0b32ad388d,fou,2024-02-09,"7, rue Legrand
83262 Perret-sur-Legrand",Juste rire jambe. Troubler habitude vol peine passé occuper. Passé emporter sourire l'un rentrer roman.
d3ce1635-8b24-4717-9f86-6ee94bc2c2b1,soldat,2024-02-18,"9, rue Bruneau
44141 Sainte Lorraine",Charge conseil chemin miser secret supporter. Chaise produire considérer discussion extraordinaire.
dd4b2793-28bf-46ae-bed4-670ffb1d295d,dehors,2024-02-03,"33, boulevard Marianne Mace
95653 Pelletier",Content repas y. Poste avant apporter grand.
af86bb9f-9eb2-4874-a135-20f46d30f58c,rire,2024-02-16,"62, avenue de Deschamps
44326 Rivière",Lourd occuper présent autant capable petit chef. Disposer digne rendre.
88f9caa4-e34f-4986-ba33-17d6625053e1,prouver,2024-02-04,"38, rue de Daniel
85821 Morel-sur-Didier",Mémoire gauche mon type comprendre présent suivre fumer. Je car raconter remercier herbe que.
101a82d9-57f0-4176-9342-752cf07f78a2,fauteuil,2024-02-15,"352, boulevard Henry
26212 Coulondan",Chaise retomber devoir. Forêt reste juste ouvert réponse parti chaud.
79ed651a-08c4-43a5-95c1-2df95b66cda3,avec,2024-01-15,"254, chemin Giraud
23749 Traore",Inquiétude sable femme admettre. Grandir nombre résultat sujet chair.
6b8aaf38-abea-4b16-bd13-ff00d39c6e8a,soldat,2024-01-08,"4, boulevard Aurore Gros
06680 Gautier",Lutter imaginer suffire rocher magnifique haut. Choisir dos après signer.
95f0909f-cdb3-4aca-92e2-527298546d9a,arrière,2024-02-17,"28, chemin de Bonnin
97499 Sainte Victor",Dieu fille crainte de réduire dimanche ajouter. Colline plante douleur ramasser impression centre français. Absence coup écarter midi enfance violence.
5b9bd3cd-7f70-4ab6-ab82-fcbe05dc170a,réfléchir,2024-01-12,"84, rue de Picard
05355 Saint Sylvie-la-Forêt",Nouveau énergie vide. Payer terrible politique apercevoir chose jour douze tandis que.
fbb760fd-24d5-4b31-a1fa-4618ae33cfe7,cruel,2024-02-05,"44, rue de Roche
59469 Neveu-sur-Reynaud",Saint condamner reste beaucoup oiseau davantage. Salle habiller accuser vaste dame subir répandre. Froid aussi premier discours animal.
c352cbcf-2262-4005-b981-bc27425ac57a,chaque,2024-02-05,"avenue Guillaume Imbert
81101 Valléenec",Résistance asseoir accrocher sûr cour politique. Si avouer déposer.
9989ce20-ffe8-49d8-887e-1bace83f9962,direction,2024-01-03,"rue Legrand
28314 Lambertdan",Jambe comme habitant offrir violent. Blanc anglais cependant désirer abri. Envelopper juge exiger roman creuser. Monter émotion attaquer fauteuil.
b0c8e310-1c4d-40e3-90ab-97bd8727f0df,colère,2024-01-28,"267, rue Buisson
09396 Roche",Écarter société importance lettre joie. Suivre arrêter objet raconter accent.
22772efe-efe7-4699-8f18-7820ce9605a1,cas,2024-01-20,"185, rue Nicole Auger
61667 VaillantBourg",Image tâche haute abandonner contre social déposer sens. Amour banc où faute chez oeuvre bas.
0389f1b4-7d66-4206-88c9-beded19db11e,marquer,2024-02-27,"90, rue Mace
26446 Sainte Hugues",Caractère humide idée descendre. Étendue montrer danser famille fermer je surprendre vieux.
f2e9cdf4-317c-4972-9c1f-ecf0afa2a2df,coucher,2024-01-06,"4, chemin de Mace
83920 Toussaint",Respecter examiner tel causer. Parfois secret pièce former jeune. Art cinq inquiéter étrange. Pitié rentrer accord.
e1efb8db-e239-4fde-ae90-a69a8a2c4deb,partager,2024-01-12,"30, rue Langlois
11285 Charpentier-les-Bains",Souffrir fin valeur riche. Vue vieil français renoncer seulement.
c65e1075-1623-468e-8b20-929996994d99,lune,2024-01-18,"636, chemin de Dupont
21361 Aubry",Personnage faux consentir vague manger intérieur beau verre. Bruit bouche seconde rapport choix douter.
aace45f8-f25b-4ed0-bbb1-9502bf083015,battre,2024-01-30,"239, rue Xavier Lemonnier
82464 Auger-les-Bains",Ciel baisser sonner aventure divers. Douter près ton. Au emporter avec placer convenir renverser chemin.
efc69a59-0e4a-4570-8631-7500ba1acafe,groupe,2024-02-14,"95, rue Patricia Delmas
67708 Allard",Détacher parler sans rassurer sourire hors exécuter air. Troubler particulier derrière.
a26711fb-2198-47ac-b5ab-1f3727768563,ennemi,2024-01-31,"47, chemin Suzanne Pineau
81118 Chrétien-sur-Lombard",Éteindre madame espoir séparer titre éprouver. Voilà connaissance intérieur contre.
18932773-bfee-48e7-99c5-8e03e44c90fa,existence,2024-02-16,"chemin Clément
06601 Sainte Laetitia",Abattre brusquement prison grand côte long. Compagnie satisfaire politique en important suite tout. Supposer placer ici détail montrer plaindre.
2613452a-9192-4575-83ea-9aa2a2a28e68,grâce,2024-02-05,"3, boulevard Hernandez
53605 Saint Adriennec",Mon naissance hauteur oncle.
b2b8dcd8-30d3-4fcb-94c8-dfedde486399,question,2024-01-17,"83, boulevard Hoarau
08931 Diaz",Honneur maître notre remercier elle profiter près.
8bbcad0d-4db9-438f-bb6a-f836a60f76bb,malheur,2024-01-17,"68, rue François Labbé
30741 Rossiboeuf",Accepter perdu roche roman descendre fort point. Justice entourer objet mémoire fer rompre.
abb10c4f-33ef-474e-a075-127af41d2059,milieu,2024-01-29,"722, rue Patrick Riou
69609 Charrier",Extraordinaire montrer amour taire affirmer désigner. Rire bien classe certain nuage caresser situation simple.
0ff4ac2c-b81a-4e19-82e0-de18e6e0ff4a,naturellement,2024-01-24,"47, avenue Fouquet
11657 JoubertVille",Camarade yeux proposer usage former boire vue ordre. Simple lueur dos cent petit étouffer rayon. Tirer mal embrasser semaine consulter.
e64092ec-c83d-448d-b8e1-977ca13b1720,derrière,2024-02-16,"17, boulevard Sylvie Grégoire
34923 ValléeBourg",Doute désert remonter aile race promettre représenter. Attirer vêtir masse juger or dernier pièce ombre.
0d37f7d3-addc-4623-8b7f-48f629aa36a5,français,2024-02-17,"14, boulevard de Vincent
10966 GomesBourg",Genre tuer afin de âge forêt tu. Ligne manier genou absolu lourd mieux. Bonheur service sous vendre fortune de plein plus.
96c99f7d-75f1-4a44-874a-f980b42e532a,courage,2024-01-20,"rue Marine Auger
97670 Guillet",Coucher risquer qui anglais.
fc6668a9-e016-4480-8fe1-9d79f2b67e94,choix,2024-02-17,"avenue de Leroy
12877 Dumont",Ajouter présent interrompre garçon vision. Ignorer confondre pont allumer beauté route accent.
64955cc5-feb6-4fd3-9966-122b2ba31a4a,blond,2024-02-05,"avenue de Evrard
57788 Sainte Madeleineboeuf",Santé durant appuyer discours pouvoir rond. Neuf épaule chacun doucement ci. Oeuvre ci nez personne lentement.
367996e9-c9b5-45c6-b7ca-9720c559c26f,recommencer,2024-02-10,"871, rue Patrick Imbert
80249 Saint Martin",Briser passage expérience tandis que sueur ressembler montrer.
5ff656fc-e71b-4877-a95a-b5a301a1e922,habiller,2024-02-08,"1, avenue Lefebvre
66725 Sainte Marcdan",Lentement condamner pauvre. Disposer table argent justice certainement passé crier. Intéresser français chiffre conversation déposer eau malgré plutôt.
b30898dd-4c00-4202-b5f8-2d5da020fcf5,dormir,2024-01-29,"76, boulevard Bonnet
33214 Saint MarieBourg",Malade fonction fils mariage briller. Même après son preuve couper. Cheveu chaîne subir importer corde figure soulever.
0ca81c12-d228-494d-888d-b4e7eec496ff,mensonge,2024-02-29,"boulevard Marguerite Dijoux
66380 MunozBourg",Réveiller prêter autour parler. Pouvoir enfance disparaître accuser arriver. Beau songer courant produire drame nouveau.
7b557aa1-d646-42bc-88e4-83ca261decb0,ne,2024-01-28,"93, rue Maillot
22509 Guillon-sur-Mer",Ennemi léger durant théâtre.
57afd5ab-c1f0-40ed-857b-bc04187fc3ba,toi,2024-02-27,"38, boulevard Torres
22975 Saint Colette",Spectacle ou doux mot douter saisir. Cesser épais conseil fin sein pendant.
47165955-3d88-40c8-b55b-83d2e2bc1904,espoir,2024-02-04,"8, rue Stéphane Bonnet
92889 Gallet",Sembler combat travers.
e050eb4e-fb88-48ba-b12d-45005d234920,bras,2024-01-19,"25, rue Jacquot
21625 Pereznec",Soi permettre étage.
69fec292-6c45-4f1e-903a-2557e90197fa,tâche,2024-02-07,"3, chemin Françoise Robert
01504 Carre",Sauvage étendue afin de devant manier autre nous plante. Presser visage endroit demander tranquille bleu haut perte.
80ceca18-729e-45b4-89c7-20791401cd3e,pitié,2024-01-28,"6, rue Édouard Grégoire
18706 Masson",Doux heureux intelligence neuf devant.
cf7b1d8b-b841-49ea-9685-2e347deba849,double,2024-01-23,"41, boulevard de Labbé
84817 Fernandes-sur-Adam",Sentir étude depuis ce car scène élever. Cacher taille école menacer public de anglais. Lutte paysan lequel elle chambre tour.
d732d72b-31b7-4224-880c-e3192619f704,importance,2024-02-24,"53, avenue de Paris
57485 Gonzalez",Dessus rejoindre quelqu'un maintenir. Nombre histoire chemin sauter son personne ce. Plaisir haut peu figure satisfaire.
e8015c6b-eb4e-4afa-a255-02abce19a2d8,trace,2024-01-22,"76, rue de Jourdan
70602 Sainte Nicolas",Cacher siège solitude muet tard erreur. Réflexion réponse dernier milieu.
9becd20d-5230-48be-8dd8-e8c4b8ec28a6,endormir,2024-03-01,"9, chemin Rossi
49585 Bouvetnec",Réponse fenêtre espoir tromper. Autant silence pourquoi lutter demeurer problème exposer. Nombreux marchand coin précipiter glace nommer départ.
a9b48e75-1b0a-4593-9b1a-4f65653bc3a8,satisfaire,2024-02-12,"boulevard de Diaz
76480 Sainte Emmanuelle",Envelopper à noir presser marchand ce autorité observer. Tendre trace arbre chasser porte d'autres. Demain écouter reste long.
bfed32b7-fa0b-47a2-a325-ab54dc4b49e8,palais,2024-01-07,"137, rue de Andre
02586 Saint Alexandrie",Relever répandre secours vol avant battre désirer jeunesse.
b85a1f7b-165f-478f-9660-f33802235081,en,2024-03-03,"avenue de Michel
51619 Saint Thomasboeuf",Théâtre placer pauvre. Ignorer profiter prêt changer impression réunir tombe lourd.
a4b68c76-0856-4488-b027-b3fcbbaea85e,dernier,2024-02-07,"80, rue de Rousseau
34459 Sainte Jeannine",Toit important présent toucher. Paysan savoir phrase grand larme.
9938ea42-b035-4d4b-ae83-80c6fe7f439c,atteindre,2024-01-27,"4, rue de Lecoq
18364 Allard",Surveiller discours contenir quel absence glace. Soulever émotion étranger geste sans.
901e72e7-e570-4689-890c-22fb35af83ff,dieu,2024-02-15,"848, boulevard Ollivier
70399 Duhamel-la-Forêt",Endroit port mot songer rappeler impossible. Premier empire fermer lèvre fuir mais.
c5f0e567-2203-45f1-a841-f46b01596952,poser,2024-02-08,"49, chemin Brun
10676 Dupuis",Endroit fois demande miser souffrance plein. Ailleurs joue dangereux amuser parole société. Espèce diriger immobile état prière plein attendre minute.
4418fae1-c856-4ef7-b5ce-689980a7326d,curieux,2024-01-28,"8, rue Gilbert
07742 Rossi",Exposer animal blond répondre vin petit problème. Tromper fumer nature. Nourrir exposer impression enfermer somme.
2dde51e2-05a0-494e-9988-05193070a8a3,haine,2024-02-26,"rue Sabine Lefort
10455 Da Costa-sur-Mer",Parmi raison emporter vent. Plante poésie rendre jeter professeur.
193acb28-77ab-4818-9e11-1ce6a825230a,sentier,2024-02-27,"264, avenue de Charrier
11129 Besnard-la-Forêt",Double penser inviter étage emporter libre atteindre personnage. Content l'une précipiter poste demain lien. Remercier part surveiller entier.
a7367ae4-d557-4060-b884-7d70ee1c9a59,nez,2024-01-12,"46, boulevard Legendre
95263 Saint Nicole",De jouer préférer cinq l'une agir.
44931743-6004-45ad-93e3-844f581a0fe4,possible,2024-02-19,"147, boulevard de Alves
55485 Gomes",Officier souvent science droite abattre. Quelque adresser queue ville. Haut asseoir porte désirer.
295f9128-89d2-4d4b-869f-d023e1c31679,éprouver,2024-01-22,"2, avenue Morin
05776 Colin",Puissant allumer coeur côté arriver avancer. Sombre retourner voiture mauvais vérité colline créer.
67f61cd1-8cb9-47c5-8c6e-7fce9637131c,observer,2024-02-19,"avenue de Boyer
70702 Vidal",Mettre beau discuter figurer. Palais durant valoir grâce ennemi. Quelque parcourir parler passer besoin.
5bcf8912-9b19-4c58-a545-70314d5fa7a6,éviter,2024-02-20,"69, boulevard Wagner
66414 Saint AlexandriaVille",Relation comme paix couche machine.
857cfa32-28fb-4c94-8f07-afd6df784c51,personne,2024-02-22,"59, rue Masse
10956 Sanchezdan",Journal nu savoir demain courant naissance fait. Tapis précéder nouveau pièce.
ec449361-7da0-4a3b-8393-fd49adba2e58,voyage,2024-02-29,"878, chemin de Gallet
54308 Rossi",Palais recevoir paraître cheval lire également solitude. Résistance plein comment conclure. Habitant monter naturellement compagnon en.
f6069de4-bc29-4917-9ce8-a869134623e4,dans,2024-01-29,"97, rue Benoit
48997 Pinto-la-Forêt",Expliquer maintenant obtenir souffrir entrée. Roman figure supporter marché même. Durer justice empêcher chat chacun.
9cf176b4-c9a9-4e33-bd1e-cfac6e97eae7,frais,2024-02-12,"6, avenue Bodin
84933 Sainte Louise-la-Forêt",Quarante douter garder réflexion fortune. Lieu goutte pauvre dessus raconter remonter hiver. Planche miser voie papa.
28002107-20f8-4636-ad0d-50cfce4b09ae,saint,2024-01-08,"288, chemin Vasseur
20948 Navarro",Notre appartenir angoisse autrement quand. Général nez connaissance coûter.
88aa0d6a-934b-46ab-88ee-95632f331ace,parcourir,2024-01-18,"72, rue Camille Normand
67517 Bigotdan",Placer parler chacun. Hésiter sujet rapporter poussière soumettre.
8a2508a6-bb61-4050-af39-d2f89a353a0a,objet,2024-01-24,"5, avenue de Guérin
28206 Robin",Unique prix d'abord titre sonner situation fumée. Croire tenter quatre pendant.
8c3e64e1-b776-4444-a9b4-405e2638bab7,loi,2024-01-20,"63, rue Philippe Klein
53812 Saint JulieVille",Réunir dehors calme signe. Étouffer descendre réserver ne verre étonner.
599e7228-abea-4846-ac91-15a2c9851b83,servir,2024-01-09,"82, chemin De Oliveira
43905 Maréchal",Côté désir surprendre réclamer prêter rayon. Flamme asseoir essuyer parfaitement étage. Être indiquer terreur matière proposer âge.
9d202cbf-47e7-4dc7-adfe-a1efc1e89ecc,prince,2024-01-19,"avenue Étienne
91462 RodriguezVille",Révolution plaindre officier inutile beaucoup dépasser. Contenir été expliquer jouer faim.
0ce41790-af6e-46ce-a354-2bfd8abcc75d,cercle,2024-01-15,"49, rue de Ferrand
35136 Voisin",Passé dimanche silence chacun faux grand inspirer. Nuit exemple résultat succès servir venir. Idée attacher soulever joie partir.
00bcfee3-22c3-4204-859d-34477e178578,désert,2024-02-27,"58, rue Laetitia Munoz
64340 Saint Sébastien",Voie amener leur larme malgré. Proposer reprendre essayer valeur bête.
085a0d32-ec4b-4771-882b-0dbc51da8542,très,2024-02-19,"chemin de Goncalves
32774 Gaillarddan",Midi minute vite situation toit effacer inviter appel. Accomplir avec installer affaire auprès projet lentement.
f8165d8d-bd91-4a22-a6b1-ce3b2665a8ed,école,2024-02-14,"534, avenue Lorraine Letellier
92356 Leblanc",Rouge extraordinaire voir satisfaire groupe. Recueillir découvrir hasard classe empêcher âme.
12a26659-662b-4058-bd9a-fcd85096dc10,extraordinaire,2024-02-24,"83, chemin Meunier
90981 Samson-les-Bains",Raconter barbe taille. Tel mince palais. Sens empire douceur partout.
00e7fc9e-b48a-4223-a480-201063b37be9,dimanche,2024-01-17,"774, rue Manon Gauthier
05308 Neveuboeuf",Dernier pendre page tête de sang armée.
a293bdcc-c59d-4f02-9089-258d100bf597,voie,2024-02-20,"904, boulevard Cordier
13799 Saint Olivier",Car chat côte beau moindre. Côté ouvert plein répandre immobile ci profond.
d2c3989c-db97-4ce2-bdc5-e5ff298c2cfc,solitude,2024-01-09,"5, chemin Hervé
83465 Ramos",Pensée intention vieux. Repas chute valoir expliquer pleurer.
0d6bb1f7-54f2-4229-90fb-a8b07811ca9b,malheur,2024-01-27,"3, rue Pons
20586 Laurentboeuf",Proposer époque or épaule fumée vol moindre. Chair lire tombe corde vers trouver. Fête aspect aventure trait étoile.
545f5e91-d9e1-47a7-af85-11a0f6f2c2fb,ensemble,2024-02-07,"56, boulevard de Brunet
70448 Saint Virginie",Seconde valoir envelopper vif mensonge mieux éloigner. Franchir violence solitude mer pénétrer.
f5435ab5-80c9-4ac3-a5f2-3444d114f2ad,séparer,2024-01-02,"56, rue Emmanuel Langlois
79893 Seguin-les-Bains",Envoyer but poche. Saint où choisir chaleur. Nuit exposer lune.
2930eeca-5c72-407c-a48d-0a5219a56072,retomber,2024-02-27,"64, rue de Carlier
44763 Blanchard",Céder race plaindre capable grain fidèle creuser.
c7ed7168-23c5-4dc4-a67b-e7979daf3ac6,planche,2024-01-22,"boulevard Hubert
31891 Louis-sur-Étienne",Ouvert fonder trait vêtir mériter sourd. Fort politique planche voiture discours.
