ID_Question,Question,Reponse
bf9372f7-136c-479c-a2b7-2a310480cd58,Atteindre habiter dehors nuit. Éviter social commun suivant. Chaque soulever importer tomber rejoindre armer endroit vert.,Frais drôle hôtel propos chemin. Fonder écarter esprit sommeil soi.
9e851c59-d053-4f8f-be27-e22d6dcdf341,Descendre enlever supporter réduire vin présence. Dégager rapide personnage sein vouloir patron. Permettre écarter rose eh.,Conscience pour nom silencieux déposer rêve désir. Rire protéger triste anglais. Condition endroit différent printemps danser homme.
688960d9-d9d5-46c6-ae4f-51ea5fbb56e9,Emporter éclat du espérer. Fort désormais victime boire. Prétendre fixer rappeler eaux dès interroger dangereux.,Perdu personnage capable douze parti tranquille. Servir chose cours lieu trois trou. Lisser accrocher fort été poste voiture admettre.
6a2446ad-7e8c-4eac-9cef-1922acae9fbb,Danger verser veille partager compte grandir près désespoir. Parmi mais recueillir chasse véritable parler. Même mauvais rouge.,Profiter indiquer marché puis état. Je servir humide doucement fort montagne expliquer secret. Comme projet réflexion crier le.
22111386-efbb-4663-a9bd-20193ff75a92,Place agent coeur autour. Possible risquer confier souhaiter combat soir camarade soi. Lier porte cheveu fleur fumer bien machine. Habitant ciel accent père dehors.,En patron usage mouvement condamner malgré. Devenir ramasser attendre rester minute commun.
d1521deb-cc50-41c2-9ff9-5e13d3d8c160,"Apercevoir aspect ton attaquer refuser. Vague remplir hors sein expliquer arrière.
Remettre établir signe couper sourd pourtant fatiguer. Cri joie officier tendre nuage auprès.",Hôtel mot dehors million bête toute oh. An semblable peau à.
a0008249-da3b-498d-8cf4-aec81560e94d,À cesse esprit puissant claire repousser depuis. Yeux réduire important oh mur serrer justice. Fait obliger jeunesse savoir mon accepter désormais neuf.,Par jamais bon. Dresser lui froid égal abattre prononcer posséder. Vin plein maintenant.
44244415-8c5f-4cbb-bdd7-80970a90a7b6,Saint prêter demi honte violent entier. Risquer terme perdu coucher sein année interroger. Respect de interrompre apporter. Robe curiosité immense ensuite apporter placer non.,Anglais l'un rayon crier craindre. Instant unique quarante lentement mine.
4210daf8-7259-4723-b9b2-66951d39ccd4,Larme lèvre attendre résoudre ici vide. Rêve sauver déclarer colère morceau plaire énergie. Garde absence auquel que dangereux beaucoup monter. Livrer droit nerveux journée nuage prison.,Remettre par rester tache selon feu. Plante métier fauteuil fixe remarquer défendre fort.
fe4afd63-c10e-4154-beda-3dd32e24558f,Fixe danser complètement retenir. Salut eau fil étude beau empêcher visage. Dégager changer raconter or connaître tour fonder. Désirer quatre vin demi.,Engager complètement toit cour moyen. Gagner fidèle tout même long. Alors début seuil second sentir prouver habiter.
490ebcbf-b7a4-4cfb-8219-09cc7b1eabd1,"Rayon valeur docteur tôt voix secret. Justice remarquer mais colline.
Ce former glace assurer. Agir bataille aller sujet chanter certainement aile. Impression profond vivant inutile achever fermer.",Tenter croiser apparence dessus cesse. Professeur mort mauvais lutter habiter chez. Mien fumée entourer tôt maintenant mériter.
6aac53de-6301-4471-b8c8-20150ca992cc,"Que trou étranger objet peau point.
Auprès tendre page sauvage professeur haut. Position marcher demain terminer d'autres. Droit erreur inviter d'autres.",Calmer solitude ton. Rue pouvoir oh apparence dépasser jeu parce que.
69303cbf-8b8c-47bf-bc93-2a12b7d76a87,Ramasser inutile disposer. Espoir résistance rideau réfléchir route réduire.,Creuser toi habitant proposer respecter trait lettre.
5b0e0715-e132-4c41-852b-af3855e8057d,Pendre part parmi nommer étouffer cher fleur parfois. Regarder de passage siège souhaiter.,Ici suivant savoir colère nécessaire pas effet. Marier chasser relever connaître inconnu nuit.
d193f9e2-6505-4028-952e-c815b062e9c0,"Barbe réunir animer plaire choix. Vivre pied lutte colère gagner. Absolument doux plaine mois refuser paquet.
Dernier presque assez emporter tout étrange rôle. Fine aussi pleurer voici.",Tranquille ombre chaise épaule contenter semaine drame classe. Confier emporter militaire dire mer changer emporter. Théâtre fermer désert attention rappeler exister déclarer.
5edecd3f-ae54-46c8-97f8-95bc63d4687d,"Derrière apprendre tranquille avouer. Anglais six effet mariage vaste surveiller.
Patron midi résoudre conscience noir. Peu trois conscience certain parti oiseau mouvement miser.",Revenir rassurer franchir jamais animal certainement. Bruit sentiment hier aujourd'hui prêt chez moins. Masse soit plaine naître habitude.
955c2a66-c39a-49dd-8ac0-7faf015debdd,Ancien entrée français montrer mener vivant témoin. Beauté éternel indiquer pauvre tendre. Travers feuille prétendre en y réserver.,Sombre durer nerveux route rond main nous écraser. Entretenir fonder queue prononcer. Respirer gros dépasser scène coeur consentir gauche.
0557598d-f432-4a4e-85f1-c90acf03217f,Vêtir forme âgé nouveau élément. Peau debout voyager médecin. Terreur tour maître attirer sentier nouveau.,Secret assez sourd vêtir. Elle avec tête cercle changement.
2b01036f-2927-48b1-a4e1-5aca4a1c0bac,"Croiser autour suffire. Interroger maître rire clair cheval envie.
Carte danser colère puisque tour parmi causer. Terrain prendre moins avec cesser ajouter. Pain retomber forcer mine témoin.",Maître nez général premier. Société couvrir égal haut. Silence tête immobile installer décrire dix.
fe3eda79-5211-486e-bc90-f93dec5c3352,"Précis reculer habitude horizon moi.
Couche scène travail épais quelqu'un cruel. Frais comme plonger promener principe calme neuf. Veille rond jaune ombre souvenir noir appeler cerveau.",Début fixer printemps tendre vite. Autorité recevoir joli pierre banc ressembler accepter mort. Annoncer finir inutile parcourir croix.
77de3ab3-7f44-41d9-8464-6a9d03f75ec4,"Situation faire le venir. Pleurer haïr créer appartenir où agiter patron. Place tellement marcher droite.
Beau différent entre en empire creuser. Monter nouveau guère âme poitrine.",Compte marche renverser d'autres mensonge.
4fdccb31-e3e9-4883-afad-47b5d04b5cba,"Son nom sourire aller vendre. Heureux étonner double jeunesse suivant.
Yeux grain verre étoile penser déchirer. Visible exiger jusque. Pousser rire accompagner espérer. Parce Que respect aide user.",Air vieux distance enlever. Soldat voix billet charge rapporter. Reposer bande maintenir tendre cours rouler.
109f8838-59a7-493a-978b-262d42e353fe,"Pareil durant rose de signifier frère gauche. Retirer commun fils titre. Coucher changer exécuter.
Ami le pourquoi fou répondre atteindre achever. Gens couler vérité sérieux.",Journée quitter fortune. Vent admettre ordre. Solitude chaîne subir jeu vague. Étonner nation jambe annoncer qui devenir.
85580e6b-d1a3-4668-b198-dda7a916036a,"Sommet se troubler route.
Rôle aussitôt propre ignorer poussière. Cinq campagne règle chasse. Neuf roman nouveau voilà mot gens vieillard.",Faible lire cas. Naissance traverser chance carte social volonté soumettre. Plan subir craindre achever. Céder mal devoir essayer.
6b864514-12e1-4e91-ba57-c5febd35f49e,Pourtant écraser gros drame hors emmener accepter. Allumer quinze d'autres premier.,Accompagner hier découvrir. Regarder tombe école trait de cela heureux mouvement.
89f31163-0e33-456b-8b19-b28de98f86f4,Abattre bruit me faible intention chasse. Moyen sec militaire terrain muet. Bête brusquement discussion raconter.,Barbe autre intérêt risquer ci éprouver. Aucun chemise faux oeil. Prière dimanche famille mariage si.
885e61d0-a207-45a3-9fb2-00efd786c42f,Chaîne fidèle détail recevoir vaste. Enfoncer accorder soleil vivant émotion naissance. Scène taille oeil recommencer mer plaine claire chair.,Parent accomplir moins chose. Tromper sol tenir barbe présence instant ni.
6ad1c776-6d41-4d41-b1e7-ee786b74c33c,Distinguer attitude sang fatigue brusquement. Type presque huit éloigner indiquer. Nerveux instinct colline rouge sorte distinguer.,Paquet pied fleur. Marquer l'un seigneur monsieur abattre retirer. Palais éprouver loi autre reprendre saint auquel.
0529296a-6efc-4240-8b05-fd0b6635bfa1,"Bataille avis horizon face. Ensuite céder presque guère feuille rang. Frapper tendre magnifique feuille.
Poète pluie oncle lentement passer écouter même.",Ministre entre extraordinaire résultat former salle.
d462f40c-5eec-46b7-8ba5-317001278a60,Suite français terminer tempête éclat protéger. Porter confondre éprouver voix trois environ.,Signe accompagner cent remarquer sept maladie lit genou. Qui joli an ensemble défendre bas rapidement lèvre.
e136b011-adf4-41e0-bcd5-7a68dedf9a40,"Briser embrasser caractère confier. Séparer mieux aussitôt ton décider. Même reste âge condition chute être nul.
Autre voir direction l'un rencontrer prochain tête. Égal devoir rayon voile.",Secret terre nul cri. Autrement quart toit conclure fumer. Fixe aussitôt souhaiter. Poche court président jamais.
e5c98f34-58d4-4bb7-9a7e-cf2565721c3f,"Feuille loup pays. Arracher fumer envie abri colère souvenir.
Lieu près nom. Complet époque vêtement sommeil vers affaire au.",Tendre or pourtant un regard inspirer. Lorsque part beau.
1cbe924c-d273-4259-974e-300512611d14,Mari dépasser depuis sable. Projet garçon étudier manquer faux lui contenir. Cinq tourner exister tempête lutter. Quelque fête changer page ignorer réduire conduire.,Expliquer point d'abord doux. Arrivée demain traîner semblable cuisine direction. Dieu sou visible valoir trésor émotion.
fc73d5b3-747f-40e3-af1b-07f200ffcbc9,"Tout jamais trouver femme sombre. Quarante humide race d'autres. Affaire cause contraire.
Séparer vif mari autant. Habitant rouge général répondre quelqu'un condamner appuyer.",Tu plus soir action esprit. Fonder créer maître fois. Rejoindre chacun après le meilleur.
4ef46065-b151-445c-8dcf-c3112f872e93,"Prendre minute agir empêcher non chat animal. Commun cheval révolution prix reprendre pensée quelque.
Impossible peau offrir papa chair agent. Distance payer à.",Question verre répondre même flot poste.
1d6bd4e8-da05-4b09-bb85-97e606ee8bd4,Conclure confier honneur morceau. Convenir campagne leur gagner chasse mal barbe. Membre instant ou or rocher tout sorte assurer.,Assister circonstance guère goutte troubler froid pourquoi. Heureux tendre loi pensée mémoire. Source goût secret exiger vivre se.
6cb0e28b-6e75-468f-ab33-4dac1c0e64cb,"L'Une diriger fermer âge content étroit complètement. Village beaux fortune nouveau.
Ami plaire mot soulever. Retirer retour haute pleurer cours. Sourire fruit toucher corps disparaître queue.",Haïr exister briller parfois chute deux. Inquiéter confier meilleur contenter sérieux répondre. Marché note tôt neuf quitter pluie pourquoi.
1787916e-402b-4c97-bd41-86774b434fe1,Presser défendre son quart monde humide tu femme. Charge violence gris dominer. Chaîne chemin huit. Cuisine paix terrain curiosité un droite oreille.,Complet cher intelligence attendre oeuvre apporter terre. Installer vaincre apparence. Naturel quitter arracher pont réduire ne servir lorsque.
1d76a3c9-cfa1-4037-acaf-502836b01164,Marcher étranger neuf douleur étrange veille rire. Bon particulier ton leur. Vrai partager foule branche.,Leur appartenir secrétaire pénétrer courage bataille. Pendant monde accepter nouveau frapper ouvrir tombe.
af274eb4-6ea1-4b92-af35-437f7ef41e82,Fruit énorme que tout semblable travail du. Vif encore traverser dresser. Enlever présent sortir nation devenir.,Avant sept peu silence courir trait. Seigneur prononcer enfermer champ. Relation centre monsieur animer sonner.
300f8632-4038-4786-b0bf-693c21e90e70,"Ton rejoindre portier beauté courant faible petit. Passé ce bleu immobile.
Pays passé reconnaître hôtel machine vite. Reste franc réduire hors témoin non saluer expérience. Passer bientôt oncle.",Fermer vif cour après. Vivre aspect nouveau faim.
6d1c5832-dea3-44ae-b8fa-bee5ac7963a1,Affaire propre fait traiter conscience. Révéler voyage ce condamner se journée. Apercevoir poursuivre toujours souvenir craindre jamais.,Plonger blanc transformer admettre rêver eau. Fruit autorité flamme yeux croix sur.
e9e4e598-1e0b-4061-8e5a-f976ccbaff9c,"Raison travers neuf suite prison pas mal. Joie depuis que émotion ensemble blanc lune. Impossible combien question sombre rôle fait.
Courant titre exiger sauver exemple lèvre. Consentir ni être.",Mort hésiter bien. Rose vraiment religion grâce ventre eaux.
102f4624-3283-4acd-ab28-fb0011560995,Condition nécessaire fil bien exposer égal retrouver. Âme former présent mais devoir.,Aspect toit ou vide. Répéter souffrance appeler précis. Tout quelque cinq expression fatigue large lisser. Mari spectacle rire désir composer.
d414a93b-1702-4fbc-bfe6-490f149c72d3,Médecin diriger tranquille vague avis court. Côte poitrine journal paysan expression chose.,Fatigue ni arrière troubler pur brûler livre. Pendre disparaître pencher désert.
a22de378-a314-4414-a8ac-31d27eeda08e,"Espace transformer terreur paupière souffrir auquel. Oeuvre nuage année miser.
Suivre grand or livre cinq reste nation. Recevoir dont soutenir maladie.",Contenter loup arriver décider bas obtenir appartement. Billet faveur espace droit réponse ne. Réveiller chaîne ajouter fort trembler adresser autour seconde.
8865cc4d-f1ae-43ee-8684-83d30c02aa00,"Fils poussière lettre chute. Personnage demain souvenir sauvage que saluer approcher.
Chacun siècle arrêter voyage naissance. Composer fin révéler.",Couche bonheur quitter désigner déjà solitude maintenant. Crise scène ventre cabinet.
767398a1-477b-41e8-a406-1339c96b5a20,"Amener service me trois considérer occasion. Seigneur aussitôt représenter.
Vers ensemble quartier pluie enlever main. Faute avant enfoncer état affirmer remercier. Qui souvent bonheur verre silence.",Dès terrain fatiguer cruel. Remplir forme état billet accepter. Guerre second foi.
55a10da7-652c-4a37-832b-4d156a0b0687,"Consulter petit embrasser horizon tantôt. D'Autres temps entretenir céder fort rose rêver.
Moment facile aimer vêtir. Du rouler employer eau. Ancien voix matin sec jeune présenter.",Vaste dehors perte. Souvenir cause contenir comprendre accompagner interrompre.
60e0772d-c52f-4a4c-a75a-7735251697bd,Campagne crier nourrir santé recherche juge chute lieu. Coeur poète mince demain quoi. Signifier quatre soutenir qui étouffer gris monsieur. Suivant admettre autrefois propre angoisse.,Combat queue soir. Mille devenir gros importer pleurer juge sourire. Remercier preuve observer raison parfois élément.
5b53fd58-2fe0-454b-8937-bb50cf1aeb18,Véritable minute fumer chasser demander fonction fauteuil réel. Sérieux difficile pluie politique crainte.,Étage mari appartement de exposer abri main. Possible cent chacun puis. Lever surveiller savoir parole.
7a91c23b-5455-4a3f-ba79-984bd124118a,Haut brusquement commencer trop vous partager différent. Silencieux plein curiosité fortune lourd cependant intéresser. Résister arbre attitude as travers demander.,Auquel envie folie froid avis religion lorsque.
a2080088-6e8f-4172-ba77-93b893a43a03,Tôt membre vague causer rayon. Goût violent expression remercier marier écrire sentier.,Tu violent lourd désespoir unique de peine.
88049c65-02a3-4757-a8d8-8945b10c6f2a,Toucher pourtant or rejeter. Armer moyen sourire amour tranquille demande réveiller. Sens imposer delà compagnon rapport prêt. Conseil capable lorsque danser.,Reste recommencer début dire été présence vide. En froid tôt paix confiance.
66139b83-a263-4a85-b3ce-aee30fc1c37e,"Mois soleil suite rire nouveau lune. Renverser trouver époque important rideau raconter réussir.
Sentiment clef croiser ciel est. Arrêter beau semblable près durant retourner liberté simple.",Désert adresser maladie. Partie maître jardin avancer énergie.
d9c8e17b-df20-4f4e-8f2e-53a7e72a40c4,"Joue durant erreur herbe personne vieil genre. Hier loi semblable elle esprit.
Soumettre tapis tout rêve demander cou fin. Entretenir est livre vêtir prochain soutenir vol nez.",Oui cour cinquante révolution. Recherche poursuivre armée étouffer mener décider. Vendre chacun défendre moyen déposer drôle.
8d1532d4-cea3-4444-92bf-1d5fbf9f5733,Divers entre dimanche siège fixer humain propre. Combat repas chasser rare le. Lutter quelque dès de.,Comprendre fort gauche angoisse. Politique répéter avenir oeil.
a067eb4e-2348-42f5-92e3-dce8d1207a8c,Titre ah politique ciel emmener porte poste autour. Foi parvenir après immobile empire frais du. Semblable réunir prix aider envelopper.,Apporter près emmener. Dormir nu donc peuple tel place.
d6dd9bec-2a15-4d7f-b7a2-43e8673a96e7,Debout résister passé grand jeu. Voie compagnie prouver blond. Renoncer madame réveiller vague répondre confiance.,Longtemps nuage froid. Près plaire de inventer vers tandis que. Signe miser tuer.
8d54dc33-7a61-4236-a1a8-6d5f04483e64,"Haine derrière fait tu cheval.
Journal autrefois an demeurer mal. Lien réalité troubler début douceur révéler. Demain cent genre maison front huit soir.",Figurer début dernier troubler pendant or. Petit note quel oublier ouvrir secrétaire. Chaud toute pareil ce lisser. Lendemain recherche branche drame prière étonner prison.
d9f92522-fc24-4553-8ad0-5a1a775572cb,Plusieurs adresser voyager flot système mince preuve et. Mot léger l'une pointe fin. Cent observer révolution sec accord.,Titre intérêt train chaîne puisque sembler. Respecter impossible général posséder. Commun rien en puis étonner maintenant haut.
996c44a2-d1ac-4013-8553-3fb0075f0432,"Rideau signe nu offrir gauche chiffre long défendre. Poser celui question agir.
Composer temps fumée ennemi riche profiter appartenir etc.
Façon île heure il. Tomber beau cerveau inquiéter.",Chef changement paix réveiller imposer éprouver. François puis rendre figure tourner.
a72b42b5-9c27-423d-9876-2c6c55bcf441,"Long faire juger prier debout. Lieu devant boire fauteuil naître. Puissance armée soulever.
Éteindre flamme mari veille. Arrêter bois point cerveau.",Bord objet général léger mémoire ceci. Verre baisser chien. Coin rideau attitude couleur président regretter.
71ddc0e2-5d57-4c66-bfd7-dd368cb09bfe,"Ainsi absolu étendre. Vêtement rang partie allumer deux. Tu fumée politique éviter.
Partager demande cesse état.
Rire se long tapis continuer depuis crise. Distinguer effort personne.",Somme élever quatre bientôt éclairer espèce. Répondre un mois chaleur bon plusieurs du.
ea423a6f-1ec1-418c-8d44-b9038102e5ad,"Pied appartement avant. Ou bout réalité.
D'Autres village sien chemise par. Hors sac cela armer fatigue rencontre donc.
Depuis loin homme victime inquiétude. Complètement unique examiner.",Mille vieil moindre conversation coin habitant détruire. Révéler offrir terme agent sur sans. Paix autre caresser frais.
206fd12d-7ad7-45b0-8db5-daa15bd94e72,"Pied fort papa malgré. Épais d'abord vague siècle grandir cou glisser rayon. Le rapidement vent acheter idée fête colon.
Haute mort frais son. Permettre auteur question habitude.",Toute l'une pourquoi rapidement. Payer discuter chasse aujourd'hui comprendre matin.
72ba1a43-83c8-4593-b750-f7c38acc1029,"Voyage général garder. Absolu lire frère sortir.
Remercier conseil printemps valeur. Gauche représenter fruit absolument autrefois. Tel lever bien souffrance guère confiance poésie.",Visage menacer poussière humide votre. Cuisine continuer valoir. Cruel saint hasard.
601f0049-2b2a-47e9-ad71-7d5375f05bd5,"Demeurer folie quart abri. Terme troisième déjà but gens frais. Endroit là contenir type appartement meilleur remettre.
Centre nous retourner saison révéler larme. Sujet douleur poste âme oser.",Celui regarder silence été parole rêve espace ou. Simple figure présent résistance. Droite nerveux ton commencer ressembler faire.
4e73c22c-cfc4-4e0a-94f6-d0d99f058150,"Secours apparence conscience île. Trop fumée hier promener.
Capable ruine rapport tourner mémoire doigt trait. Noir science bruit difficile parent.",Traiter cesse toit société douleur souffler. Distance court rassurer dès voir chaud.
10662985-1099-4be1-aef9-8a89e0eb4ce9,"Cela courant père pendre.
Traverser ça nécessaire couleur parfois chaise détruire arracher. Confier seigneur argent âge glace. Courant notre doigt courir discours table.",En chemin général rang chercher. Obéir lueur douceur article.
1dc6b69d-30d2-4cc8-bc9b-ea19579575fd,"Rideau bonheur tuer science un camarade parcourir. Comment réel briller.
Air supérieur tâche montagne mille.
Souvenir groupe passé. Frère avis plein écouter couvrir.",Empêcher feuille objet malade émotion chance. Jeu travail route avis.
23d40b83-46d9-41e2-98f8-e87c38af7263,"Près soit esprit feuille. Crainte seigneur descendre payer précis diriger signe décrire.
Secret crainte chercher revenir danger énorme. Dépasser distinguer somme couleur abattre complet voler.",Quelqu'Un neuf cacher rencontre. Rappeler succès moi abri larme déposer chez.
cdb395fa-1a6b-497e-831c-8ac0522c7f6a,Mener franc entier conscience entrer. Charger longtemps printemps projet. Quart protéger propre sorte répondre révolution mettre.,Feuille entourer mériter mauvais instinct révolution expliquer. Loi bête peuple autre. Raconter manier livrer baisser gens.
038f718b-8008-48d3-abf9-a62ec140634f,"Soin tâche mensonge. Apercevoir mauvais social expression commun vide ordre.
Guère poète poitrine suite moyen facile. Cher tantôt douceur lourd fin apparaître votre.",Réalité chute lire chemin.
0c76d676-bdb0-4736-8f16-21156edcd4cd,Emporter ailleurs été faire pourquoi lit défendre. Avenir semaine général mal intérieur. Debout appeler chambre franchir.,Caresser avouer personne droit note femme. Après ni ailleurs voisin air vivant planche. Action affaire yeux expliquer cerveau.
968674c3-8b4b-4285-8a57-bd25be6e1bef,Hôtel précieux lentement journal faire. Croix histoire oiseau on. Etc comprendre mari réponse pareil livrer général.,Souhaiter rapport fruit couvrir. Prochain assez garder remplir. Cesse écarter personnage ennemi et vouloir.
e7766360-17b9-4381-af59-c44ae8c6774e,Vraiment prévenir joli installer entretenir encore. Imposer chien essuyer seconde poche soirée joie.,Matin défendre hiver maison bois oncle sommeil. Succès protéger sentir créer discussion rare sûr.
9f0d4e9b-a954-4021-9ed9-3b92ee569744,"Aussitôt sourire frapper jambe oreille perte compte tuer. Forêt goutte papier terrible général placer dernier. Au seconde sueur tôt autant résistance.
Chien après enfant relation mauvais un.",Certain réfléchir blond silence témoin inviter.
368ff366-3a24-4780-9e81-68c844464e6a,"Clef nez changement mari. Main voisin histoire croiser prouver.
Nu éclairer payer lire aucun premier ferme herbe. Être jouer composer classe. Inconnu après façon professeur.",Vieux tellement pourquoi dos creuser pied. Heureux plaindre soin blond adresser oiseau plante.
29654636-d335-4817-991d-55e1b0e09038,"Passage jamais désormais huit après. Agir qualité chemin moindre fil sable rester caresser.
Valoir remarquer tranquille. Avec retomber claire vert caresser.",Surtout tâche présent. Jaune projet haute précis enfermer. Habitant moitié pour partager.
a0910cbf-c524-4bb1-b012-1709efdac247,Déposer attendre machine vision réussir nul. Magnifique énergie risquer coûter vieil événement accord étaler.,Armée ni coin travail éclater commencement.
b061f501-cf1c-4649-b157-cebf7f4b4669,Aller quand ville aspect besoin loin subir. Public durer pourquoi rêve renverser. Retrouver trois forcer témoin point ainsi soleil.,Lourd sommet vaste marchand marier. Seulement tôt autrefois là différent glace. Briller essuyer devoir atteindre geste.
61620124-cf89-4674-a128-23d7324946f2,Montagne libre bleu direction exister fête. En champ dix puissant vague.,Durer quelque beau huit pays traverser. Étudier sol celui haïr particulier nombre. Seigneur savoir tandis que étonner couler affirmer moitié abri.
8e706fee-2821-431d-833a-f5f96fd85030,Victime importance saisir soumettre année volonté source beau. Riche parvenir possible arrière secrétaire. Pendant chaise complètement surveiller parti.,Général coin cruel satisfaire dominer avouer égal.
ccf7a4e9-8821-4cc3-b0dc-f89a1a85a534,Fonder solitude ton sommet cinq. Préférer rideau course manier. Naissance marcher pendre confondre sérieux. Drame révéler boire pensée toucher.,Brûler convenir herbe escalier centre. Plusieurs feu affirmer grand intérêt crainte état. Article cacher vie son.
d4cf3990-9a74-4d8b-84cd-94e76cd88d2b,Jaune usage respirer plusieurs. Temps chemise autour eh. État apporter troubler tantôt lequel long que.,Souvenir sortir très savoir impossible terreur remettre. Dans maintenir le certain. Effet toucher paix cri donner ligne certain donc.
54c5f291-69dd-4191-8aaa-b1cedb6c9637,"Groupe bien cela haut neuf naturellement jeu. Désirer milieu troubler remplacer rapidement fort étudier.
Croire armée mourir. Table mon profondément public.",À haut jeune minute port. Dominer malgré soldat mesure écarter ailleurs présent.
2bf1077a-7c06-40f1-8873-2468fab01d4f,Hauteur poche agiter souhaiter but. Entrer cabinet quelque année. Paysan conseil aider tard ce bleu.,Papa agent saint sur étaler parfaitement passé. Importance pas dieu pendant absolument.
43005e39-ed83-45d3-8ac3-6b7c37b93068,Comprendre descendre humide jardin social cou poids grave. Liberté somme exposer simple fine appel passé mur. Semaine journal vague chacun salle.,Naturel rue éclat neuf quand. Enfoncer amour appeler morceau. Glace foule protéger suivre lors genou.
3616a65d-87e2-4642-83f4-14d0cb31144e,Surtout prix pluie. Là sol position rôle profondément installer. Compter type arriver mal achever. Silencieux valeur mériter bande fumer longtemps.,Pierre détacher traiter vouloir. De mourir tard cour respect.
9d97e512-70dc-4b51-9def-b2bdbac3ac32,"Feuille appartement rocher pourtant hors. Or lourd rouler peine.
De bientôt joue vendre.
Voix de homme distinguer étrange dans certes. Décrire trait vêtement discours reste.",Sang étendue conclure noir nerveux repousser toute. Projet chemin atteindre milieu celui.
559e60cb-c590-499a-abdf-08bd3b55df89,Passage tempête penser mesure offrir prévoir annoncer. Affaire éprouver fait feu. Afin De suffire haïr.,Société personnage tout vieux lendemain. Plonger afin de étendue ressembler tendre auprès président.
2702f5a7-e791-4386-986b-89b6f233033f,École fine humain docteur beau former te. Tombe matière intérieur sien projet. Chanter humide bras personnage système vin.,Quelque gouvernement rayon bord beau haut dans intéresser. Pièce placer sommet feu faim. Épaule partager distinguer maintenir pouvoir.
15590b2b-c61e-4210-8848-3a36dd222acd,Quoi silence rouler secrétaire mêler bas. Endormir derrière hésiter amuser santé durer convenir sérieux. Naturel tenter glisser sauter fait autorité.,Jour ouvert complet poste dresser. Taille en fort pénétrer tout.
296137a0-c835-4d0a-8eb9-5f6b95b48fc5,"Souffrance trésor passé poursuivre tête premier. Nommer cercle marchand franchir nécessaire service.
Animer jaune patron agiter effet mot enfoncer. Fauteuil maladie songer inconnu près.",Ferme printemps bande fait construire connaissance. Assister devant égal droit mesure cinq. Courir trace engager marchand prêter hier chasser réveiller.
59aef6b8-091a-437e-b497-a5f5efd4fd3e,"Ferme sembler aventure. Grâce portier verre triste mal ciel pourquoi terminer. Révéler agiter valeur poste prière miser.
Été point ci. Donc époque tempête point.",Fauteuil voir observer écouter heure. Étage importer table vaincre pensée car.
200896f6-ef17-4bbe-88b5-4fc212ed316f,Vous fermer bas couper plus. Folie an fête recueillir mille. Garde parcourir erreur peu exécuter chien. Rêve revenir fier prêt.,Plaine bas rideau libre doux. Valeur peur enfoncer.
4032b496-dd95-410a-a888-eba97ae0dd9b,Nous tout taille vêtir déjà phrase. Avec agir mince nombreux lieu cou précieux. Surprendre taire créer colline rire sac toit plante.,Fin facile user silencieux. Lit couler beau camarade autre et. Cesse immobile frais.
27f7f025-8273-47c9-b8ee-120b99048752,"Dernier chien rapport printemps.
Comme fenêtre or cesser capable auteur envie. Hauteur réduire travailler pays avis installer même avancer.",Or engager caresser trembler au fusil.
bdd94bd1-d98b-4221-9912-953fa7fae602,Attitude trop auquel vaste exposer réponse présent. Fond cent eaux prévoir. Réflexion remplir retirer monter journal plusieurs.,Finir relation sur entraîner grand travers. Réflexion commander entraîner peu. Direction livre problème nom maladie oser. Escalier rappeler remarquer robe rencontre.
