nom_client,numero_compte,type_placement,montant_initial,date_ouverture
Ben Mansour,123456789,Épargne,5000,2021-01-10
El Kaddouri,987654321,Assurance-vie,10000,2020-12-05
Soussi,456789123,Actions,8000,2021-02-20
El Fahsi,852963741,Épargne,7500,2021-03-15
Berrada,654321789,Assurance-vie,12000,2020-11-30
Zerrouki,147258369,Actions,10000,2021-01-25
Hilali,369852147,Épargne,6000,2021-02-01
El Mersi,321654987,Assurance-vie,15000,2020-10-12
Slaoui,789654321,Actions,8500,2021-03-05
Naji,564738291,Épargne,7000,2021-01-17
Moussaoui,951753486,Assurance-vie,11000,2020-12-25
Bassaoui,369258147,Actions,9500,2021-02-10
El Alami,798564132,Épargne,6200,2021-03-20
El Haddadi,258741369,Assurance-vie,14000,2021-01-30
Lahlou,123987456,Actions,8800,2020-11-10
Ammari,789654123,Épargne,5500,2021-02-05
El Mokhtari,654321987,Assurance-vie,12500,2021-04-15
Loukili,951753852,Actions,9200,2020-09-20
El Kettani,147258963,Épargne,6300,2021-01-03
Abouzaid,258741963,Actions,8900,2021-02-25
El Ouali,123987654,Assurance-vie,13000,2020-10-30
Bellouki,369258741,Épargne,6400,2021-03-10
Salmi,789654987,Actions,8600,2021-01-15
Khalli,564738921,Épargne,7200,2021-02-20
Hafid,951753486,Assurance-vie,11700,2020-12-05
Bouhaddi,789123456,Actions,8300,2021-02-01
El Fatmi,123456789,Épargne,5900,2021-03-25
El Moqaddem,987654321,Assurance-vie,13500,2020-11-15
Laarbi,456789123,Actions,8100,2021-01-30
Radouani,852963741,Épargne,7600,2021-02-15
Ouazzani,654321789,Assurance-vie,12100,2021-04-20
Rochdi,147258369,Actions,10100,2021-01-14
El Fahmi,369852147,Épargne,6200,2021-03-01
El Mansouri,321654987,Assurance-vie,15100,2020-10-17
Souiri,789654321,Actions,8400,2021-03-10
Nassiri,564738291,Épargne,7100,2021-01-20
Mestaoui,951753486,Assurance-vie,11200,2020-12-15
Bendar,789654123,Épargne,5600,2021-02-10
El Haouzi,654321987,Assurance-vie,12600,2021-04-25
Dahmoune,951753852,Actions,9300,2020-09-30
El Jerrari,147258963,Épargne,6400,2021-01-05
Balssi,258741963,Actions,9000,2021-02-20
El Allaoui,123987654,Assurance-vie,13100,2020-10-10
Bouzidi,369258741,Épargne,6500,2021-03-15
Ouaali,789654987,Actions,8700,2021-01-25
Kettami,564738921,Épargne,7300,2021-02-10
Hafidi,951753486,Assurance-vie,11600,2020-12-15
