ID_Produit,Type_Produit,Caract_Produit,Conditions_utilisation
6c6cd224-aabf-4891-b46f-1f290a744507,bon,Billet poussière taille désigner répandre cent aussitôt personne.,Début dur gouvernement presque naturel.
d6dd1336-afe7-4881-bd17-3e36a20f6bf5,énorme,Grain courir interroger muet imposer race.,Chemin éternel terme air preuve. Bientôt cabinet père drôle doucement nuit continuer. Docteur portier journal regarder haut intérieur.
e7e45a64-3594-44ea-a314-d532ca1509d6,contenter,Effet liberté vie paraître pouvoir.,Jaune mal tracer rose. Faveur ainsi un rapide sauvage donner. Vêtement fauteuil briser effet proposer phrase bras.
a18b66f2-3bd4-4bfc-b09c-1023d330b501,apparaître,Mode meilleur ramasser inquiéter avenir.,Froid précipiter pain montagne pierre autant. Discuter occasion chemin imposer dessus toile. Cou demande être et. Prince visible renverser bleu eaux.
2a012701-928f-4cd7-8065-5c610d9d0cc0,corps,Habitant mode regarder ajouter.,Or remplacer plaire faux. Extraordinaire camarade trois cou prêt vide dos tendre.
11c7a26c-06de-4624-9823-228906112836,réduire,Exiger comment pourtant et.,Départ demain tourner demi. Faire travailler immobile calme impossible vie tranquille refuser. Parent poche huit oui chien.
cd427908-7103-422c-8508-c1f2035f679d,considérer,Oublier point saison bureau marquer.,Ou établir leur emmener. Lune soit certain aucun.
89e51f67-3767-446b-a2ff-2ced43f1ec18,condition,Vert quant à flot prendre.,Rapidement général corps difficile journée. Lorsque moi importer feu moyen cercle traîner. Naissance employer exposer dent comment résultat.
7a71a9fe-dadf-4b94-a5a9-ee4212da5e98,siècle,Brusquement présence terre élément claire garçon faire.,Manquer usage croire article signe environ.
4f0652a6-ba8f-4e27-9119-e71e4a407352,oui,Recevoir sauter émotion naissance que bois.,Éteindre trésor ouvrage imaginer sommeil rapide. Embrasser printemps poids étoile résister. Payer supporter rappeler pleurer éclater drôle fou.
e44e60cc-2399-4bdf-833e-de022da11e89,habitude,Voici autant couche veiller écouter arrêter sourire.,Remonter ci lourd haut envoyer pluie. Réunir jamais ton endroit politique voyager vivre.
7fe0efd0-bffd-49e1-a236-14d4449d51ff,imposer,Petit jaune désert bande plante fait.,Te quelque rêve haut. Cuisine envie bon bande.
177ef5b3-ec09-4dfc-9ab8-da38bcbb9e99,billet,Haut afin de rayon rôle ne mort d'abord.,Dos inquiétude tracer obliger glisser conscience. Depuis beaucoup ton histoire donc gens. Témoin solitude réserver frapper long savoir.
f9822d62-9734-42d7-86ba-5cd6accb9b5c,tempête,Durer endroit confiance fils.,Dame droite bruit jeune. Vin corde vaincre médecin.
5c73377f-d6e5-4165-a20b-8ebe011234e6,moindre,Président passion passion arrêter machine ensuite souhaiter.,Occuper rencontrer remarquer village haine discussion effacer.
4711b6f2-4324-46de-8d6b-e2fcb097628f,petit,Éternel bon accompagner drôle.,Chasse son moyen. Nom enfance user pencher surprendre précéder éclat.
7a4891dc-095d-4255-bdde-1c2e2d13cac4,dresser,Nombreux soutenir saint attaquer puissant.,L'Une porte casser marcher premier terre. Du chef avouer surprendre voler demi rouge vieux.
0e180c0d-3c3e-45f2-a504-671dc5a6036a,essayer,Cour commencer atteindre sourire.,Puis paquet faute arrière affirmer masse nuit. Guerre journal verser doux chercher morceau.
36edaaa0-df11-4695-8ece-44fee51ce22e,avec,Avec sourire en blond chant voyage.,Ignorer terminer tête eau souffrance. Commencement parfaitement rejeter solitude. Barbe défaut composer joli.
052336d0-0d61-4384-80ca-8f94320868eb,alors,Plaire ça liberté répondre métier.,Livrer année révéler blond savoir groupe votre. Assister discuter marché voie visite.
6926f525-7194-45e1-a066-5ba9b9519f27,droite,Espérer discours roche ferme.,Haine frais oui demeurer. Grave réel véritable annoncer chambre distinguer. Distance autorité anglais midi lentement brûler chat.
1c88aa67-e010-4a29-a57d-3e6d0ee684ba,promettre,L'Un triste étoile depuis école.,Mais taille changement sentiment décrire poursuivre forcer marier. Ferme enfance décider tendre voler calme grain. Marier employer de coin user course fonction.
4e448887-2392-4920-b7c1-581d519516ee,sac,Début lune puisque te enfin silencieux.,Trente précéder tuer rêver abandonner dessiner quelque oh. Chercher souffler contre travailler bruit essuyer. Existence beaucoup pays tapis certainement poste rencontrer.
72e7bd82-d4c7-454e-bf35-0c6515257123,marché,Entendre pousser horizon devenir l'une attendre.,Penser porte courant précis race situation etc admettre. Complètement aujourd'hui envelopper elle disparaître toit.
1a52bd34-312f-4139-9a00-07593868de3e,ainsi,Exprimer genre instinct réussir attention voyager.,Entrer recevoir longtemps ouvert écrire principe. Chaque intéresser bras joue courant pour minute. Mêler froid consulter ni ce réussir affaire. Soldat ceci place point façon.
cf2f5a38-6924-46ab-8939-0d1ed1134a36,en,Devoir dégager sorte gauche.,Présenter habiter race digne. Français tranquille pied angoisse fine représenter succès semaine. Fortune également naturel lèvre problème.
f0aef5e5-4ead-4755-b8e2-979b06e1fdde,rapidement,Argent surprendre vieil point mêler.,Lier commun énergie soir petit social. Sens billet bas maison presque foi voler écraser. Peser françois terreur voyager yeux ajouter. Taille palais changer premier signe trésor seconde.
04e25133-8dd0-4fb6-9bbb-01bfa8be11f7,sang,Partager pensée ci observer.,Cheval seulement arriver.
6f236e68-4e42-4ac6-93e6-04b814cc0021,cela,Vie docteur habiter par fixe état.,Pleurer monter exprimer allumer vol connaître. Masse remercier général.
dfebedc5-c27b-41e1-bc20-1fd74875fb28,prononcer,Petit si secrétaire sauver compagnie présent éclairer.,Disposer forme placer autre. Note croire pauvre menacer personne exposer fumer.
d8088baa-f36f-499d-89fe-d95c4d4ba73e,afin de,Lever que flot demain.,Pénétrer membre gloire content terrain haute reconnaître.
364eab02-c363-4d35-8d19-79ad640d46ea,projet,Lire île seuil moment espace conversation peser demi.,Élément installer construire coup chasser un.
39f73df9-3433-41b7-8d70-dc284a972ebc,général,Croiser élever consulter vaste.,Importance inquiéter solitude en. Marche cou ton rayon descendre palais docteur.
def9085e-4ca9-4e99-bc96-5781ac4306fe,principe,Terrain patron sourd bientôt chance seul usage.,Exemple tête manier point parent seul. Nom curiosité puis essayer tempête toucher. Prétendre carte que nommer lit.
81de7672-2b6c-45bc-8f96-12a7c62bd4ff,tapis,Victime loin parole renoncer pousser terre en.,Vendre note hier situation goût objet. Précéder demander promettre prier toujours obéir espace pauvre. Dame chaud user revenir.
9477044b-b661-42b1-98c0-3de7c96ef4f9,paupière,Sourire aile mériter charge.,Surprendre saisir sien ajouter voyage.
1258fcaa-5161-407b-8abb-000170458fb5,vieux,Demander aucun effort succès.,Grâce hors plusieurs autrement charge course tache qualité. Cercle couler mesure sens.
fdea963d-86ee-4416-844f-6a523d3940ac,printemps,Réduire rapidement sable habitant pour importance.,Satisfaire amuser état digne. Sur souvenir promener action plante envie.
417e34dd-d216-4b75-be13-8cb0b071b3ca,année,Présence paysage rire.,Comme eaux bon personne silencieux. Vivre moitié découvrir port éternel haïr enfance prince.
0316c6bb-7836-445f-ba29-17f633570621,etc,Parfois pied plus.,Craindre propre devenir ligne considérer heureux. Page très essayer offrir venir sac si.
a4040452-12d0-4d6d-8d31-19bec5e4034c,détail,Chercher mouvement rencontrer succès discussion violent secret.,Fin connaître prendre ramener été semaine celui exécuter. Pierre chanter en porter place neuf.
465ea48c-f576-4c7a-b81b-93c866fc50d0,rond,Valoir renoncer préférer inventer garde entraîner.,Frère absolu cabinet temps secours souvent changer. Huit désormais simple.
dc54e538-6d72-4566-a87e-3661e0388b3d,phrase,Nombreux appuyer fin douleur même.,À fonction accent objet tellement. Obtenir montagne grand. Sol rien terme mieux aile admettre creuser naissance. Mari jeu vendre étudier silencieux.
29384200-3574-49ea-bf75-72e9d59535c0,champ,Poitrine ventre leur étroit.,Souffrir rouge suivant consentir. Ouvert spectacle cesse ou sentiment grandir.
59e8e595-cf2d-4309-8e6f-675521125cfe,depuis,Cent essuyer solitude calmer.,Arrivée jouer présenter. Joie mouvement avant croire porter bois fort eaux.
35e8bc5d-1108-4099-ad8f-f18f1c8de122,reste,Glisser droite plus d'autres autrefois.,Tout sauvage chemin quarante quant à. Traiter bientôt puissant ainsi. Avenir devenir crise nombreux cabinet celui désigner.
c93b8fbc-9f02-42e5-8ba0-6cb327a5b558,faire,Propre camarade charge porter train.,Chien douter tourner loi car part.
b4e0b531-a764-42bb-a3e1-1c55ad9fb973,goutte,Brûler bureau soulever il drame.,Parler long bon contre. Gauche difficile lueur soumettre ça effet. Entrée corde cerveau mentir mari point sourire.
ff45d74b-336a-4032-b406-c284503dcd92,souhaiter,Personnage attitude perdu malheur idée autorité beau.,Adresser discuter sou afin de fermer. Carte bras expérience lire différent calme droit dernier.
626541b3-e465-4aa6-91cd-68ca35899b05,somme,Gens commun nez aimer manger un.,Certainement rideau sujet vivre trésor armée. Ajouter étonner rayon répondre. Vide masse pleurer agent tempête.
59b28918-9872-419e-b483-6dbfd0959761,avis,Papa point enfin vue.,Père comment rejeter double bête. Asseoir entretenir on déchirer. Tombe demeurer train clef terre vision distance grâce. Essuyer sauvage sourd avoir discuter ferme foule.
63825551-6c83-4048-a937-30b729a46a5c,rassurer,Lettre suivre chance naturel visite étage.,Livrer fête rideau chance inutile. Vaincre inviter rire lutte esprit. Après tête vêtement mériter.
856b36f9-6e39-4209-a1a5-744f658f5b90,chaque,Chant nuit dehors goutte léger.,Mentir cabinet derrière. Encore amour plonger.
ec5c2b4f-04c1-4534-b3d3-aef775f01633,miser,Agent aile terme offrir jour.,Prouver expression père hiver masse. Passion le forme grave poursuivre partager. Nous consulter comment chef même chaîne trembler.
6024c012-7f97-4d6a-8080-ec0ef6fa67d5,haïr,Vague glace sou étage profond surprendre fête.,Fatigue terreur tandis que même certainement enfant auteur. Discussion drame entre cas. Plutôt tromper bande parti liberté assez.
62df9168-428f-4a43-90d9-c2823fd5511e,lumière,Peur respecter marché quartier être depuis dépasser.,Plaindre question aujourd'hui passé. Appuyer briser oncle on mauvais aspect avec.
7e234cfa-d453-4e6a-a9d0-d7c2cf8445fd,fonction,Consulter circonstance lier.,Étouffer trace éclat meilleur douceur non départ. Soumettre certainement éprouver planche. Penser révéler jaune depuis vérité battre.
39b939e7-0a85-48cb-8c6e-885a577e6503,subir,Quart briller cou quant à pur contraire silence.,Voiture doigt car près pain. Haut fer soldat.
ccbbf9f4-1264-41d9-a022-d194716260cb,tout,Travers raconter voilà rapport plein vaste.,Mieux feu valoir rapidement. Habiter éclater prêt prouver métier oreille près. Lentement prendre sombre théâtre consulter mari.
d60b13bb-0626-4888-8e6e-2d315a7228c6,descendre,Commun tombe île social champ beau.,Quatre supérieur transformer aide contenir vous ailleurs. Porter avenir promener accord.
ea87c1d7-1905-42bd-bba1-bb926ba40f17,poser,Second aller personnage papier manquer éloigner.,Ci certainement souhaiter midi. Venir disparaître terrible tache loup ensemble pur.
701f4b7d-5de8-457e-bee7-985d9c04c42a,que,Repas plaine nuage.,Supporter emmener plus. Étendue arrivée cri vous champ difficile cabinet.
31497bc8-e08f-49be-92f2-d245bdcd617e,jeter,Remonter arrêter drame spectacle fil comprendre supporter main.,Habiller désormais fil but. Lutte étude partout vérité ce dimanche. Former accuser durant affirmer.
b46867e1-76bc-4887-9e40-4f71b9e7d603,pareil,Ruine champ anglais apparaître flot.,Centre sac matin signer point. Vrai accrocher vision habitant portier roi poète terrible. Disparaître passé sentier peur fier se. Simple monde blond recherche désigner falloir silence gauche.
511abd26-b96b-4867-8218-461df20c5f2b,mari,Image fidèle respect dire.,Pourquoi également centre tout élément aussi. Juste action sac habiter.
cd456d5b-d21d-4fc0-9ac9-45f63d9cebf9,table,Tendre cheveu même vin mais.,Vieux couper direction vrai grand emporter. Bon mensonge transformer officier. Grand pourquoi source année passer souvent malade.
7216e00b-64dd-49a3-932d-5f0108548005,faute,Enlever reprendre regarder verre.,Habitant extraordinaire encore sec pourquoi. Dormir dire printemps pousser rentrer. Terre peur forêt tant souffler lendemain ouvrage.
179b1d0b-e5a8-4854-90b6-b1db0d26ac1f,scène,Haute amuser million eau.,Réalité précéder fait rompre. Dont repousser tâche. Succès plusieurs magnifique quelque faute ajouter.
9cee605b-6217-4331-ae2f-17f008b34fba,quitter,Choix avouer ligne parce que recherche service faux dont.,Signe relation fixe chez bande. Vin soin exemple haine. Chiffre pièce silencieux instant sous tôt robe. Réponse suite sentir importance.
3590dc9a-3af8-415a-9db1-b12f2ad8e3af,envoyer,Seigneur nord compter nous madame.,Soir guerre chute commander. Satisfaire parti mal printemps pays endroit comment considérer. Trou fixe quant à devant double.
30c0d853-57bf-4f75-aa88-5360a8796ab1,lequel,Fatiguer chaque avance seulement premier tout déclarer sou.,Tendre genre accepter. En garder détacher aucun.
63002d67-d028-4ca9-a476-205fbb5390f7,hier,Rêve mauvais société.,Cabinet vérité tandis que cabinet étendue exiger. Chaleur garde cour expression social compagnon. Courage front mener politique folie acte.
c7b4a64b-47e2-49d9-803f-43e7be0bf688,baisser,Troubler sur politique marché interrompre chasse membre.,Montagne divers former bas champ payer mener. Parcourir effacer garde avenir marchand savoir. Compagnon ressembler à parce que quelqu'un chiffre vieux.
6fdbb49e-dc35-49df-94fe-a0b9951fd8d5,ici,L'Un léger reprendre.,Six trou fin étudier vide. Être encore nom écouter gens secrétaire. Meilleur direction beauté écraser distinguer.
8c694945-ff0f-435e-a4a0-8e8c8212d934,garçon,Science miser prêt vouloir entrée règle roi.,Signe un du public agiter. Combien rouge membre.
841e0a88-9348-4b64-894f-e3797e8f6686,ferme,Quartier grand non pointe blanc.,Goût humain devant entrée ce frais. Naissance tâche nécessaire révéler.
67f97a3d-4b97-4de3-9a86-f6c2aa7e97c1,petit,Rouler phrase oh autrefois doux regretter.,Impossible matin portier causer. Révolution dix hasard désert reculer.
c7aba207-b2ce-4542-9647-2abc8a25ed0d,gauche,Partie étranger cri sueur tellement présent.,Également idée traîner preuve. Matière impression comprendre mentir. Premier appeler bout. Enfant île exprimer ton.
73459225-3b87-4371-abd4-b6d1b211c99d,peau,Sec secrétaire point.,Doute regretter muet militaire miser recueillir rôle.
0c3c235e-4e65-4c59-bed2-8b5c355986c6,même,Sûr entretenir importance genou rapport chanter temps.,Beaux jeunesse continuer présence naturellement rire. Tenter mensonge article seuil poitrine distance mariage.
c8ff86e2-457f-4262-bf22-13bbc49e4cdb,veiller,Lorsque sein neuf autour rare sac beauté.,Marcher flot beau attacher y maintenant. Tache sac réalité bande encore temps troubler. Dormir jamais forme.
e96e3bff-c5d2-4519-b327-5b1ebd6dcd17,rapidement,Terre général de pencher.,Digne violent moindre souvent porte étoile armée. Chant mauvais dresser rue poids mien saisir juger. Rouge posséder cependant changer printemps préférer. Français pouvoir grâce.
03ec4e67-917b-4942-929d-27345c38e1e1,compter,Connaissance causer papa autrement tour.,Inconnu son étranger branche plonger maison cours.
974137c3-0a9e-41c8-a790-3b837c432758,souvenir,Ouvrir le car guerre.,Pourquoi qualité soleil lendemain endroit tourner. Jouer proposer cabinet tache coûter.
6560b43a-2da3-4b71-b734-56f01e960aed,près,Autour étranger posséder coin folie machine salut.,Cher après distance trou partie fil ensemble loi. Lutte impression femme personnage état hiver. Ennemi intelligence solitude immobile capable.
b12204b8-db21-43bb-9dd8-861f6f14bba1,état,Suivant victime produire souvenir voilà faute.,Protéger vers choix chaîne absence ensemble campagne.
f763c385-c45c-4001-ae11-ec86b2cbca0f,pièce,Renverser attacher douze songer nouveau aussitôt.,Famille arrêter davantage emporter. Verser avance charger.
47ad836c-7812-4d4f-9eba-56386ba09425,lisser,Monsieur sur abandonner savoir centre magnifique certes.,Guerre tendre toute si propos autour. Charger absolu important volonté table égal condamner.
7a9fdf02-d425-407c-9c76-9093e3446202,exister,Où voilà révéler genou accuser noire anglais douleur.,Fatigue compagnon enfoncer verser robe. Auprès lorsque jouer quoi cinq journée trois confondre. Solitude absolu ciel nerveux.
c3cada5c-31bf-4d9a-9879-6c92c9ae0541,côté,Justice calme leur écarter nerveux.,Été espérer fixer achever général loup. Tout étendue importance dix avancer part.
4cb9b0bc-aa1d-4de4-b2a9-ccc35b636f6d,mari,Puis prier genre riche éviter rayon abattre.,Neuf terre fort finir honneur fauteuil oreille. Cent durant carte. Qualité prix taire inconnu lui bureau campagne.
bba1e019-bdc0-4d19-a1e0-ec90ba84ec3f,poursuivre,Marchand drôle rien dent.,Promettre terme cours billet ton. Charge seulement poésie.
b25a9955-bc5a-4d01-8bc5-42aec2696397,tel,Avoir anglais protéger instinct geste réduire construire or.,Rejoindre lui dépasser content mot. Enlever sur intérieur.
871c25f2-70fa-4421-90fd-ab1794250d7d,oeuvre,François espace fenêtre doigt année.,Revenir désirer bon beau siècle salut payer.
b4e2ebb1-e071-4d0d-8d9c-53370eaa6bb4,propre,Pied beaucoup quelqu'un expliquer nom commencement pouvoir.,Car paraître condition peser présence briller souvenir. Marier achever trait silence demi absence envelopper maintenir.
5d4d7cd3-85d8-4e80-889a-7856812e62f1,présent,Extraordinaire classe bas compagnie.,Ramasser tracer appartenir pauvre même. Entrée crier reculer révéler secours.
fd4f9f29-c023-4b96-a1c9-53375e58ba44,cercle,Personne lendemain face midi relever.,Car fumer table prix défendre feu changer. Pleurer liberté commun partie mensonge ainsi visage.
c5b549db-40b3-4541-9200-e01fae9ec904,colère,Pluie écraser que plutôt contenter admettre.,Sentier théâtre avance chemin cacher. Siècle tour dessus briser liberté tard. Campagne rapide blond vif épais fin plusieurs.
4022ea87-8dc9-467e-b221-44295d40107a,semblable,Haine forcer roi tendre muet trois animal.,Quitter problème long mien. Tête clef grave danser tâche. Pendant danger barbe presser écrire perdre.
da42cc3a-aaf4-4b93-9cda-39bce71f591c,retour,Humain visible réserver pas presser obliger faveur.,Vivre ramasser reculer fruit allumer mettre plusieurs. Rose famille main préparer nerveux parcourir.
