date,nom_agence,analyse,conclusion
2021-04-15,Agence Casablanca Centre,Qualité des prêts octroyés,Nécessite une attention particulière pour réduire les risques de non remboursement.
2021-05-03,Agence Rabat Av. Mohammed V,Suivi des transactions internationales,"Bonne tenue des opérations, pas de non-conformités majeures identifiées."
2021-03-22,Agence Marrakech Guéliz,Formation du personnel sur la lutte anti-blanchiment,Des efforts sont à fournir pour renforcer les compétences des collaborateurs.
2021-06-10,Agence Tanger Ville Nouvelle,Sécurité des locaux et des systèmes informatiques,Des mesures supplémentaires recommandées pour renforcer la sécurité globale.
2021-05-28,Agence Fès Ville,Contrôle des accès aux coffres-forts,"Procédures de contrôle bien appliquées, peu de lacunes identifiées."
2021-04-02,Agence Agadir Centre,Gestion des risques liés aux fluctuations des taux de change,"Bonne gestion des risques, mesures de couverture adéquates en place."
2021-07-19,Agence Oujda Médina,Mise en conformité avec les normes de la Banque Centrale,Des ajustements nécessaires pour être en parfaite conformité avec les directives en vigueur.
2021-04-30,Agence Casablanca Bourgogne,Gestion des incidents de sécurité informatique,Renforcement des procédures de détection et de réaction conseillé.
2021-06-07,Agence Tétouan Centre,Vérification des caisses et des recettes journalières,Des écarts identifiés nécessitant une vérification approfondie.
2021-08-14,Agence Mohammedia Plage,Contrôle des opérations d'encaissement et de décaissement,"Maîtrise des opérations, mais des recommandations d'amélioration formulées."
2021-05-11,Agence Tanger Kasbah,Efficacité des communications internes,"Voies de communication performantes, favorisant une bonne coordination."
2021-04-18,Agence Casablanca Maarif,Suivi des dépôts à terme et des comptes d'épargne,"Gestion optimale des produits d'épargne, attention à la diversification recommandée."
2021-07-03,Agence Rabat Hassan,Protection des données clients,"Mesures de sécurité solides, aucune fuite de données détectée."
2021-09-22,Agence Casablanca Californie,Audit des procédures de prêt immobilier,"Respect des normes, mais des axes d'amélioration identifiés pour plus d'efficacité."
2021-04-14,Agence Marrakech Hivernage,Évaluation de la qualité des investissements réalisés,"Investissements cohérents avec la stratégie, certains requièrent un suivi plus rigoureux."
2021-06-30,Agence Fès Saïs,Revue des procédures de vérification des identités,"Procédures en place conformes, rappel sur l'importance de l'authentification à renforcer."
2021-08-05,Agence Agadir Dakhla,Évaluation des risques opérationnels,"Identification des risques significatifs, mesures correctives recommandées."
2021-05-01,Agence Oujda Nord,Examen des procédures de gestion des incidents clients,"Réactivité adéquate, aspects de prévention à renforcer."
2021-09-10,Agence Casablanca Ain Diab,Évaluation des performances des guichetiers,"Bonne efficacité des guichetiers, opportunités d'optimisation dans la gestion des files d'attente."
2021-04-29,Agence Tanger Ibn Battuta,Suivi du respect des plafonds de retrait,"Respect des normes, rappel du contrôle continu recommandé."
2021-07-20,Agence Mohammedia Miloudia,Vérification des procédures de vérification d'identité des clients,"Procédures conformes, rappel sur l'importance de la vigilance renforcée."
2021-04-12,Agence Tétouan M'diq,Audit des services bancaires en ligne,"Services intuitifs, mais des recommandations pour une sécurité renforcée des transactions."
2021-08-16,Agence Ouarzazate Centre,Évaluation de la qualité des échanges avec les clients,"Relations client satisfaisantes, rappels sur l'écoute active pour une meilleure compréhension des besoins."
2021-05-05,Agence Casablanca Parc,Suivi de l'application des procédures de lutte anti-fraude,"Procédures rigoureuses, mais des signaux faibles nécessitant une attention accrue."
2021-07-07,Agence Rabat Yacoub El Mansour,Analyse de la gestion des risques de liquidité,"Gestion prudente, recommandations pour un suivi renforcé en période d'incertitude."
2021-04-20,Agence Marrakech Palmeraie,Contrôle des prêts en souffrance,"Gestion proactive des prêts en souffrance, actions de recouvrement à renforcer."
2021-09-03,Agence Tanger Al Amal,Évaluation de la formation continue du personnel,"Formation continue bien intégrée, pistes d'évolution pour une montée en compétences continue."
2021-04-26,Agence Casablanca Maarif Extension,Contrôle des procédures de remise de chéquiers,"Procédures sécurisées, rappel sur la vigilance conjointe nécessaire."
2021-07-09,Agence Oujda Sud,Suivi des recommandations précédentes mises en place,"Mise en place correcte des recommandations, nécessité d'un suivi continu."
2021-04-17,Agence Mohammedia Port,Audit des opérations de transfert interne,"Opérations conformes, rappel sur les vérifications de doublons à renforcer."
2021-09-01,Agence Casablanca Oasis,Évaluation de l'efficacité des enquêtes internes,"Enquêtes bien menées, recommandations pour un traitement des résultats plus rapide."
2021-05-29,Agence Tanger Anfa,Contrôle des opérations sur produits dérivés,"Contrôles réalisés, nécessité de renforcer les protocoles de reporting."
2021-04-28,Agence Marrakech Médina,Examen des contrôles de sécurité des distributeurs automatiques de billets,"Contrôles adéquats, pistes pour une surveillance plus proactive."
2021-07-14,Agence Fès Ville Nouvelle,Révision des procédures de clôture de compte,"Procédures claires, rappel sur l'importance de l'information aux clients."
2021-04-24,Agence Agadir Agadir,Contrôle des engagements hors bilan,"Engagements maîtrisés, pistes d'amélioration pour une gestion plus efficiente."
2021-09-08,Agence Oujda Est,Vérification des procédures d'ouverture de compte,"Procédures conformes, rappel sur l'identification renforcée des bénéficiaires."
2021-04-22,Agence Casablanca Polo,Suivi des plaintes clients et de leur résolution,"Traitement des plaintes efficace, recommandations pour un suivi qualitatif des résolutions."
2021-05-21,Agence Tétouan Mhamid,Contrôle des mouvements de fonds suspects,"Détections des mouvements suspects, améliorations dans la réactivité conseillées."
2021-07-27,Agence Mohammedia Centre,Vérification des procédures d'octroi de crédit,"Dossiers complets, recommendations pour un suivi rigoureux post-accord."
2021-04-16,Agence Ouarzazate Sud,Examen des contrôles de solvabilité des emprunteurs,"Contrôles effectués, nécessité de renforcer la documentation des évaluations."
2021-08-12,Agence Fès Bab Ftouh,Evaluation du respect des normes de sécurité des comptes,"Respect des normes, rappel sur l'importance de la sensibilisation continue."
2021-05-07,Agence Casablanca Bouskoura,Audit des renouvellements de crédit,"Traitements en conformité, recommandations pour une analyse plus approfondie."
2021-07-18,Agence Rabat Medina,Contrôle des opérations de change manuel,"Conformité des opérations, rappel sur les procédures de gestion de la monnaie."
2021-04-25,Agence Marrakech Massira,Suivi de la protection des informations sensibles,"Protection adéquate, recommandations pour un renforcement continu."
2021-08-10,Agence Tanger Boukhalef,Analyse des notifications d'incidents de sécurité,"Traitement efficace, pistes d'amélioration pour une documentation plus détaillée."
2021-05-09,Agence Mohammedia Centre Ville,Audit des opérations de prêt commercial,"Contrôles adéquats, recommandations pour une évaluation approfondie des risques."
