id,produit_recommande,raison_recommandation,date_recommandation,client_concerne
1,Fonds d'investissement X,Potentiel de croissance élevé,2021-07-15,1001
2,Compte épargne Y,Taux d'intérêt compétitif,2021-06-25,1005
3,Assurance vie Z,Avantages fiscaux attractifs,2021-08-02,1010
4,Actions de l'entreprise A,Bonne santé financière de l'entreprise,2021-09-18,1002
5,Certificat de dépôt B,Placement à court terme sécurisé,2021-05-30,1008
6,OPCVM C,Diversification des investissements,2021-04-12,1012
7,Plan d'épargne-logement D,Prêt à taux avantageux pour l'acquisition d'un logement,2021-08-29,1007
8,Or physique E,Protection contre l'inflation,2021-07-03,1003
9,Titres de créance F,Rendement fixe et régulier,2021-09-07,1006
10,SCI G,Investissement immobilier collectif,2021-06-14,1015
11,Bons du Trésor H,Sûreté de l'investissement,2021-05-22,1019
12,Compte-titres I,Accessibilité aux marchés financiers,2021-08-11,1021
13,PEA J,Réduction d'impôts sur les plus-values,2021-07-17,1024
14,SCPI K,Revenus fonciers attractifs,2021-09-30,1023
15,SICAV L,Gestion professionnelle des actifs,2021-04-25,1018
16,Cryptomonnaies M,Potentiel de valorisation rapide,2021-09-12,1022
17,Contrat d'assurance N,Protection financière et familiale,2021-07-01,1025
18,Fonds en euros O,Garantie du capital investi,2021-06-06,1004
19,Crowdfunding P,Investissement participatif dans des projets,2021-08-03,1013
20,Actions Q,Potentiel de plus-values sur le marché boursier,2021-05-21,1017
21,PIER R,Placement immobilier dans l'ancien rénové,2021-09-19,1011
22,Compte courant S,Liquidité pour les besoins du quotidien,2021-07-28,1009
23,Livret d'épargne T,Faible risque et disponibilité des fonds à tout moment,2021-06-15,1020
24,SCA U,Investissement solidaire dans des entreprises,2021-08-22,1027
25,Emprunts obligataires V,Financement des projets d'entreprises,2021-05-09,1026
26,Fonds structurés W,Optimisation de la performance par une gestion spécialisée,2021-04-08,1028
27,Pension H I,Préparation de la retraite avec des revenus complémentaires,2021-09-02,1029
28,Compte sur carnet J,Possibilité de tirer des chèques et de disposer d'une carte bancaire,2021-06-11,1030
29,Orpaillage K,Investissement dans l'exploitation minière aurifère,2021-08-17,1031
30,FCP du marché monétaire L,Placement sécurisé et liquide,2021-07-14,1032
31,Crowdlending M,Financement participatif de projets à forte rentabilité,2021-05-31,1033
32,Derivatives N,Protection contre les fluctuations de marché,2021-09-04,1034
33,CO2 Emissions Trading O,Participation à la transition écologique,2021-08-27,1035
34,Private Equity P,Investissement dans des sociétés non cotées en Bourse,2021-06-23,1036
35,Art Investment Q,Valorisation patrimoniale et culturelle,2021-09-14,1037
36,Green Bonds R,Financement de projets verts et durables,2021-07-09,1038
37,Islamic Banking S,Conformité aux principes de la finance islamique,2021-06-18,1039
38,Microfinance T,Soutien aux petits entrepreneurs et populations défavorisées,2021-09-21,1040
39,Real Estate Investment U,Diversification du patrimoine par l'immobilier,2021-05-28,1041
40,Technology Sector V,Potentiel de croissance dans les entreprises technologiques,2021-08-25,1042
41,Renewable Energy W,Investissement dans les énergies renouvelables,2021-07-11,1043
42,Venture Capital X,Financement des start-ups innovantes,2021-06-30,1044
43,Healthcare Industry Y,Croissance soutenue dans le secteur de la santé,2021-09-16,1045
44,Agriculture and Food Sector Z,Opportunités dans l'agroalimentaire et les produits agricoles,2021-05-25,1046
45,Telecommunication Stocks AA,Stabilité et rendement dans les actions des télécoms,2021-08-20,1047
46,Fashion and Luxury Industry BB,Valorisation des marques de luxe et de mode,2021-07-06,1048
47,Automotive Sector CC,Potentiel de croissance dans l'industrie automobile,2021-06-22,1049
48,Entertainment and Media DD,Diversification par les entreprises de divertissement et médias,2021-09-23,1050
49,Renovation and Construction Projects EE,Investissement dans la rénovation et la construction,2021-05-18,1051
50,International Brands FF,Exposition aux marques internationales dans divers secteurs,2021-08-13,1052
