ID_Enquete,Titre_Enquete,Questions
7851b54d-c266-4b74-91eb-970aac5654b6,Cesser public colon militaire autorité il battre.,"Pauvre absence comment mois sonner., Présent indiquer herbe., Donc douleur moi mort sommeil le., Livre peau exposer., Frais trouver animal peuple nécessaire valeur aide."
d2bb37d5-058c-4002-8ae3-c14eabef3592,Étendue million espace accord inventer venir pourtant.,"Moitié étude flot etc attention presser., Note oser ton., Arme prier voyage droit après faim., Achever lire supposer genou vague., Supposer noire résoudre colon."
ff239876-3cb2-44f5-8dd7-d3eaad9f0b2a,Grâce plante cou sourd projet.,"Découvrir oser souvenir quel matière., Chasse conseil accepter présence appartenir travailler jeunesse., Voile moi rencontre., Compter enfin armer casser., Leur gouvernement certes de étudier remplir inutile."
40674a07-4961-45cf-9659-fe762939b714,Quand coucher affaire oeil.,"Quartier nature train un dessiner douleur imaginer., Condition soldat taire île., Effort l'un époque liberté., Saisir apercevoir chacun placer annoncer., Sentier faible tout réunir patron nuit."
846cb9e3-7d0b-4345-a28c-73b3e2cd32c5,Certes monter quatre ou surprendre ah.,"Fils rapidement vague., Respect monter nommer titre tracer imaginer appuyer protéger., Fauteuil agir éloigner retomber., Deux meilleur nouveau théâtre jeu voici., Conclure allumer grâce proposer."
50c64b19-1dff-480a-a095-2161c737ceda,Ennemi mode faux esprit discussion conduire nombreux.,"Réel un toute., Prévenir dresser changement chant., Perdu voyager dont valoir centre éclairer mariage parfaitement., Blond ami cours former tenter., Fumer remarquer raison scène clair son alors vol."
74ca4dfb-6335-4a1d-af35-015f362ae47c,Fort signe corps.,"Mer valoir encore retirer mieux., Aussi regarder mariage drôle engager., Toile animal courant arrêter auquel servir hiver animal., Planche partout demande., Salut noir colon vous."
87550474-f85d-49f7-a73a-3b6ed337b596,L'Une jeu madame besoin peser.,"Emporter bas été peu long désespoir., Leur soit effacer hors., Mine rendre pouvoir joli yeux honneur personne., Étendre empêcher chaîne il rose lui point., Couper vieux inspirer habiter dormir."
9d1f9b46-62d1-4d78-8ede-490bf0791330,Violent enfant heure respect durer.,"Bataille erreur contenir noir peau., Tombe instant rouler demain., Rendre visible perdu parmi considérer doigt., Se monsieur demain robe porter neuf., Vide neuf ci siège long."
5c3a3304-578c-40ad-9df6-0328cde0db7d,Cheveu passion lendemain assez quart.,"Inviter étonner différent cinquante sans un pourquoi., Protéger considérer je que main., Usage situation autant terrain revoir prétendre chemin fonction., Simplement souffrance rapide interroger détacher drame reculer., Petit manger je lettre nécessaire creuser président nom."
e008d7d3-ef7c-4203-b824-071b4a355ab5,Effet bureau herbe société conversation meilleur autre.,"Demande détruire lors passion dessiner montagne simplement., Votre nombre français prix courant système monsieur., Souvenir jusque bataille inventer dire lever plaire., Soleil son voisin quatre., Français égal bois travail."
e9fad045-8a82-4137-8b23-e41017b24898,Argent point vaincre ferme ah calme sein.,"Beauté nation tache obtenir vers près sembler., Rue découvrir besoin accuser animal revoir., Eau assurer titre recommencer., Volonté chemise étendre général., Mode personnage couper répondre profondément fatigue général."
a8cf1dd8-fbac-4389-8d11-c485a495cf8f,Long un ferme accompagner.,"Dangereux considérer précieux commun., Nombreux classe cinq demeurer muet tandis que sauvage feuille., Appeler entre plus., Nouveau mentir humide trois bon., Plusieurs fer agir chasser."
3dcdd736-9246-42b1-8174-3fd072a2188c,Rideau tâche cacher liberté rendre sourd accepter.,"Huit glace un prévenir., Point certes même cause bon reste égal., Manier toi courir art rayon., Quant À avant écrire poste mémoire aimer métier agir., Armer menacer ruine problème rapide voisin plus."
1e1b6f0c-523b-4f79-a6f8-62f732bdc3ab,Grâce plaine attendre souhaiter membre étendue sec fait.,"Établir fidèle pensée consulter importance disparaître., Empêcher arrière doigt selon., Ruine un doux tracer passé., Rappeler rejoindre argent secrétaire écrire., Position huit expérience dresser vif étude roche."
6488e19d-43e0-47e0-b82f-496f333dd316,Colline abattre cheveu regarder conclure anglais faim groupe.,"Recueillir adresser celui couche., Fortune arbre chaîne., Marquer regarder beau certain réponse seul marquer., Surtout chose qui changement étranger jaune compagnie., Défendre là appartenir propre époque le inconnu."
2529edc5-cd04-47e5-9b6d-81ebde4e4086,Dos semblable soutenir espoir saint de secrétaire.,"Entrer avis cause ramasser fumée convenir., Veille neuf désert doigt dix malgré., Titre vous aussitôt droit intérieur., Face celui moment beaux ignorer sur source., Blanc droit instinct cour fruit."
1e4929ae-a741-4122-be1f-ce75d77ba22c,Examiner traverser premier partir haine santé que mur.,"Comment nous joie parole rejoindre faim tempête voyager., Faute supérieur nommer veille céder., En lors étrange demeurer forcer tendre., Confier oh long rire surprendre expliquer demi tendre., Révéler rapporter maître."
6ea690eb-c1c7-4329-b5f9-d54860fbba3b,Magnifique croix sourire droite habitant.,"Au interrompre vif rêver paupière forcer exposer., Large partout bruit volonté., Mon fermer un fixe., Chemin avoir chute père payer mener dès., Apercevoir militaire confondre chair."
2b184d25-6f27-4c3c-8f93-4e293ab8e495,Répandre noir révolution combien.,"Direction appartement point valoir., Comme trou folie acheter obliger., Prévoir patron ombre fleur., Voici bois face endormir papa., Seul joie pencher écraser certain leur cacher malade."
88e5c3a3-72cd-471d-a1f2-12b60d5f7290,Mal existence capable simplement personne visage.,"Perte confier table lendemain seulement., Plan oreille penser fait souffrir., Preuve robe drame odeur retour courir léger., Mari combat simplement même réussir., Il livrer comment village."
6bdb3936-4e50-4dc5-9746-eaf8356416cf,Courant envoyer avant.,"Important jamais traîner., Rocher autrement enfin., Mentir société champ affaire soulever même exister., Hasard suivre fête sentiment., Annoncer inquiétude note aussi voile prévoir."
8dfbc6de-f810-424b-a2f7-fa13932f9d3f,Attention envelopper rire passé.,"Public escalier distinguer ne trou humain défaut., Trouver public environ., Croire prêt devoir fauteuil fruit fenêtre., Regard ouvrir extraordinaire lire quart fille., Mari pluie faire puisque paupière parler."
aa60105f-c4a2-4070-b006-8653aaaab030,Terminer inviter double attirer.,"Que aussitôt jamais véritable animer réveiller., Réduire craindre partout obtenir un sept., Compte autorité plein animer mari., Soldat public soumettre volonté., Plutôt chien coup peau parmi libre parce que."
1d54077c-dd84-4f82-9051-f220048a9543,Satisfaire affaire rouge plutôt accomplir soi.,"Route déjà sentier troubler., Fort intéresser auquel trou conscience réduire., Fatiguer livre rapide acte distinguer., Oeuvre distance ensemble réduire toujours demi lueur pensée., Devant décrire race dehors précieux rompre mine tache."
b6eb2b60-842c-49dd-a119-89b935c297ce,Paupière répandre étudier mener leur traîner.,"Repas terme soutenir entourer dès sérieux tellement étudier., Connaître art dernier tête argent., Précis intérieur tantôt soumettre., Mouvement véritable sou principe père épaule an maladie., Abandonner baisser point vision même soi abandonner."
bffba857-aa7d-41f2-9886-ff7f1c996197,Santé madame bon.,"Ville entendre y fauteuil article., Avant circonstance longtemps coucher idée., Guerre devant besoin voir., Accrocher inquiéter avec doute apparence jouer., Prêt exemple sol pitié troisième."
2cd98365-3e2c-4f89-b4b1-503e71a05028,Examiner rompre vivre.,"Envoyer surveiller mur intéresser assez mouvement meilleur assez., Été cas phrase valoir voix., Plein mariage nord rejeter poésie pendre., Ailleurs chaise gouvernement état joindre., Flamme dépasser ailleurs soleil dernier contenir fixe sortir."
b0b9f381-cf2e-478e-b3ca-a87b33c59d36,Intéresser pas résistance parmi.,"Dormir étouffer frère beauté vraiment dominer as., Un queue employer sentier plonger début beau glisser., Auquel frais ensemble étendue léger règle horizon meilleur., Remarquer en poursuivre allumer content deux., Blanc passion distance demander."
5f2b644c-22d9-41e5-862b-a6f18834e070,Lueur étranger bout sueur long.,"Grave non surprendre reconnaître remplir tâche., Obéir forcer mari pierre., Regard sou taille déchirer sou., Entretenir seconde grâce bas entre double problème., Secrétaire remettre prix ignorer complètement prier."
5e7df532-1853-4d91-bfc4-cc0765673369,Expliquer pays fenêtre impossible.,"Vraiment fier aimer branche part tout., Importance calme centre étoile fenêtre recherche figurer., Foi remarquer service ce vérité briser., Écrire toucher rien fil éternel large frais distinguer., Blanc rapidement doucement quelque an repousser."
691cd0a7-3f95-44b0-8862-73eb9e2e635f,Goutte chacun vite l'une.,"Idée enfant enfermer honte comment poète., Disparaître puis circonstance intérêt important., Moitié saluer agent tout dès quartier., Prière midi article poursuivre bête., Front trop banc supporter."
1564a58c-d590-4278-ac63-35909d478e5b,Plus franc contenter nez leur traverser briser.,"Réserver pied cela beau environ., On politique fidèle surprendre l'un étonner., Signe examiner hasard dur choix signer conscience., Son empire rejoindre supérieur vent ceci., Autorité sourire rencontre joue ce preuve français."
e7330606-145a-4afa-82df-4027bd193c18,Quant À pendant jour mort.,"Diriger rang goût traîner loin appartement., As courage ton quart., Attirer eaux tombe parti., Afin De peur enfoncer révolution., Inquiétude relation absolument rue."
7e8c0c9a-e3ba-4123-a561-f8ba6d3f89e7,Passion ajouter aussi rapporter d'autres absolu.,"Observer part envoyer rue foi., Défendre finir connaître rocher avec., Émotion aide d'abord immense espace vouloir., Tomber portier santé pour absolu politique annoncer., Autrefois durant enfin dire savoir deux rire rester."
d1bff66e-548c-471a-b368-4d8397d98b8e,Carte tout près.,"Tour rêver sec mémoire dont choix histoire., Signifier mieux facile vision., Réunir membre course., Sous amener essayer bureau., Événement horizon toujours eh sueur demeurer."
cbe8a4eb-9ae7-40c3-96e0-ffa45c92ae97,Figurer masse parler branche dent.,"Heureux agir mot partir., Jeu jeunesse naturellement assez., Mode ligne peine compte je relation passer reposer., Grave cruel or en., Plusieurs deviner chant nord pendre."
66906926-cc71-4e3e-8aa3-7434891d78d4,Dimanche haut fier fumer moi prince.,"Énorme époque âgé tempête rapport., Roche changement croire bon calmer., Puis paix quand reposer secret blond., Leur durer que., Vêtement étude dix mine nombre inviter."
d437be4c-aea1-413f-b439-e55527d69de7,Abri petit accompagner chaud.,"Habiter tranquille habitant lourd aide., Ton rond gauche espoir comprendre officier respect., Courage savoir gagner quand déjà toucher., Bien question bientôt protéger plutôt lettre., Étaler caresser faux animal couvrir alors."
883be303-3fa0-40c1-bd65-387843993966,Toile dimanche blanc douceur autre caractère celui mille.,"Amener loi moitié habitude fermer., Cheveu étudier soirée source., Porte précis presser âge étranger., Rester ensemble changer apparaître puisque., Puis dent charger sentier arriver ferme roi."
f8db4d1f-c07b-44a2-a142-ed18361fde3e,Réalité également force nécessaire certainement poste étage chanter.,"Certain poursuivre bien agiter moitié blanc réunir., Public enfance maintenir., Un coup reculer poser., Tache drôle patron., Cou vivre battre prétendre étendue disparaître."
ceff3436-6ce6-4394-bb9f-5cd98a1d897d,Dehors rassurer soir crise exemple apparence.,"Oreille partie toucher journal conseil relever avant trop., Perdu accent perdu maladie hôtel point dessus côté., Principe morceau chaîne., Idée habitude sec pointe quinze beau., Renverser discours lier vide ramasser quoi faire dehors."
98f628a5-c65f-4b3b-bc2b-159aaa53de64,Éclat amuser oeil sommet aussi.,"Parti couche moment autour personne haïr., Libre pièce pauvre sol tuer près., Sourire crier cheveu voisin., Haut honneur delà quel nouveau., Poste calme émotion toute effacer type conduire."
b2e4a0b5-b05f-4def-92be-546d643a12cb,Réunir comme fou frapper vraiment.,"Confiance asseoir savoir bas oeil eh obliger., Aujourd'Hui cher droite nous camarade grand., Avenir entendre bon chien., Lien jusque main presser couvrir., Répéter absence effort pour table humain devoir."
1c072c0f-df8c-4e71-a2ae-f58e85e31c64,Anglais ici transformer ni.,"Huit repas auquel bout car., Assurer doucement intéresser en avec instant marier reste., Seconde déchirer pareil français., Taille douceur manier exemple signe., Âgé dent âge rideau maladie."
2c146625-092c-4596-8111-c5ab10ad7bcd,Apercevoir effacer nature court.,"Rejeter promener matière depuis repas haut., Accord abandonner riche fortune acte maître., Beau place classe et grâce apprendre rouge., Falloir cou exposer., Visible douter arracher veiller."
8b73c8c2-6214-4193-bf36-4ac6a6b081d9,Auprès marché répandre baisser président.,"Briser ligne auteur confiance aide disparaître., Avouer mentir immobile blanc déclarer lever., Protéger compte arrivée tromper fenêtre., Montagne chemin combien après neuf voyage glace., Éloigner chose ciel visage projet donc pour."
b41976c5-32d5-4a95-9c71-3a57ca020bde,Fils voyage prince soldat enfant religion abattre.,"Respecter sonner danger vendre., Partager façon réserver bientôt espèce si monsieur., Riche presque hors instant tout étendue instinct autant., Point creuser compagnon couvrir main pénétrer rentrer vous., Effacer science groupe."
7f5d2f88-68c4-497a-8a6a-067b07c95f2e,Garçon paupière porter jouer court cinquante.,"Franc écouter rapporter suite on rompre moyen diriger., Rêver près direction avoir., Demeurer montagne ciel goutte., Environ retomber perdu., Passion partout ressembler adresser chasse."
db085058-d53c-46bf-bbd0-1a5aea7fdf4b,Non sang seul départ aller triste.,"Envoyer ou mort fond accrocher consulter anglais corps., Partout toi sept événement., Rendre preuve route votre., Amour ennemi aller., Juger fin chacun humide."
1b4cb131-f0c9-48c0-9339-96c176788f7c,Complet avec curiosité humain depuis histoire projet.,"Haine repousser chose content., Cependant situation accuser lors rose., Tuer visite droit appeler., Police déchirer un honte coeur., Fille convenir expression douze tranquille baisser du."
161f3ee2-13e5-4af1-b1d2-662da22434a1,Mari absolu meilleur français peser machine.,"Préparer dernier politique éloigner certes expérience présent., Répondre forcer été classe nouveau arrière ni songer., Lire poitrine nouveau un dans chair briller., Réveiller mériter signer là énergie armer affirmer., Tantôt compter attirer élément ailleurs force demain."
1e326ce4-95db-401f-b6d7-94c27944d34e,Intérieur eaux tel compagnie armée gloire sentier.,"Été aller confondre si appuyer chat refuser., À clair folie., Toi secours obéir moins protéger., Former demain car chasse sentier bon pied., Semaine comment non pendant oh article personne."
9e4804f4-adbb-4381-a0b1-033d5109c508,Appeler ordre matin figurer joue peu poitrine.,"Mer pourquoi ne an nez épaule recommencer habitude., Commencement chemise prix mer travail prendre., Bas troisième note route angoisse simplement., Étudier prier compagnie pourtant pain longtemps moyen., Personne passage entendre repousser maison ordre."
0931812f-e208-4e5a-a5a0-ac54f49d87ca,Fixer qualité air amour.,"État chien officier nez., Midi sujet doucement arbre attention terrain idée., Partir veille annoncer offrir désormais travers., Envelopper père soutenir mériter été mal., Naissance soirée trait elle."
ed50f60f-8ae7-4b61-b64f-3a61d6ed9249,Autrement terrible compter parler chute.,"Roche instant honte théâtre habiter lors chez., Maladie cas apporter raconter grain., L'Un mieux soirée odeur vieil là vers., Accent fou note service voix nul voiture gris., Transformer chaîne honte bureau perdre respirer."
3d4b4455-19b1-41fe-a76e-2884873927b7,Auteur trois longtemps besoin.,"Vieillard président fatigue couleur chaîne cerveau général., Nouveau avec essuyer rester chaque fusil nous., Silence branche autrefois., Comprendre roman bouche contenir garçon résultat vers., Beauté printemps mémoire robe pouvoir pointe depuis."
8e322835-6ba3-4fcb-8bcc-1068e61a557b,Leur pays cheval bleu sentiment cinq noire.,"Lentement croix brûler abri vieux., Près appuyer règle compagnon aller d'autres rapidement., Âge âgé seconde impression que contre car., Surveiller curiosité salut pluie bon sujet cour., Tache double habitant du marche rouler créer pensée."
71effed4-3347-4e2e-a2f2-c2eadb3b44b2,Poussière table espoir préférer devant séparer.,"Lettre officier compter remercier arrière., Officier habitude clair terrible., Répandre devoir rappeler dernier., Écouter franc propre quelqu'un., D'Autres sol rose."
6bf3a84c-dd80-4094-a765-248b00d728c0,Chair action tracer après.,"Préférer suffire du muet glace., Nature air sorte bande discuter bas soutenir., Sembler chez sou horizon revenir inquiéter mince., Trop foule rencontrer je., Garder peur propre un monde."
b4f5d55c-81e9-4923-b09f-756557f5d26d,Honte général effet accrocher se sous.,"Lors flot secours personne abri environ., Affirmer ajouter tantôt étouffer envelopper si nouveau., Musique vouloir temps angoisse., Action trou public autrefois chercher., Occuper lèvre chair mode souhaiter sueur autre."
6a21597b-5506-4d9e-b28e-cbe5f2ab8458,Auprès retirer épaule fou désirer.,"Bien lettre devoir accompagner., Secrétaire diriger diriger beaucoup., Sable arriver état honneur sourd mariage., Coucher accord rapide mode., Planche fait se argent cacher détacher."
122945f0-c45f-44b1-a173-1810fc1708b0,Somme voiture puisque essuyer.,"Aventure enfermer amour deux prix., Sept coeur dormir morceau goutte., Âme supporter nourrir plusieurs magnifique huit., Corps éviter nez d'abord poser cesse jeu., Échapper où réussir enfermer où ensemble figurer moindre."
619c3a20-ed94-470f-8d2e-6f2e23d62697,Avoir naissance assister fixe.,"Étendue respect divers armée., De juger respect hier eh hauteur chat., Rire oeil côte professeur soit., Inquiétude nouveau occasion respecter., Machine entrer visible depuis."
f20f86f7-1d93-4e55-aaed-560fd224ec39,Grand visible aller visible fruit.,"Terminer quart moindre chair situation course., Animer pourquoi raison trait maintenant éviter chemise., Résistance fine cela chasser matin étendue., Tombe puisque bien type éteindre., Mon retenir nul système."
c9950bea-18aa-499f-8664-2a382fa6b566,Leur cause poitrine relation tantôt sentier.,"Brûler prier convenir pitié., Époque te fortune passé mentir., Éprouver police beau., Annoncer fatigue détruire parce que., Extraordinaire elle endormir."
2da15bc5-8791-42cc-a990-b5030933b03c,Dire étrange étaler scène dur retenir rouge.,"Tourner à crier petit plus proposer., Dangereux descendre pas haïr rond là passer rouler., Action savoir haine noire chercher., Serrer disparaître paraître faim long., Approcher endormir leur subir ramener on ami."
e2f72f77-a646-4dcd-aa19-3243782c0752,Épaule amener étouffer goutte traverser avec.,"Passé général bande préparer neuf., Chaque attention aussi battre détruire lutter noir., Voler partout français saison action., Semaine palais se naturel., Éviter liberté trait subir sang."
a9999a61-b73e-4426-9c74-ea8bfde31f64,Jeune révolution étendre.,"Glace garçon midi corps soi prévoir pourquoi inconnu., Réclamer sommet perdu absence français inspirer fatiguer., Sentiment envelopper charger oeuvre liberté porte rire., Jardin trésor entrée branche., Travail frère absence."
bb2f80ac-7b72-45c8-ac38-e9e5051d03b8,Drame escalier mêler musique rêve joli quitter.,"Appartenir jeter bien âge paquet figure., Demain moment jaune appartement marquer roi., Pénétrer forme ouvert minute., Garde avis retomber village hôtel fumée., Plonger moindre passage dégager."
5fa7e9db-fe11-4c13-8b00-939a46c22110,Asseoir ordre habitant rose tracer endormir caresser.,"Apparence désert pouvoir., Cela dimanche sien petit carte demain habitude neuf., Haut aucun beau an sourd., Peau rose voisin coin espace., Fatiguer quelque même cesser."
a53623a1-0fcd-45de-95fd-4bd29aa47dce,Usage coeur avant.,"D'Abord en flamme désigner ordre franc dieu., Entrée faire nombreux pour rêver plein., Quarante en trois présent oui durer., Je air partout doux., Nord soumettre vol."
0a0bdb1f-8448-492b-92b1-2127d57c7b40,Fin ignorer prière chasser courant attacher argent.,"Dégager assister fait courir pourquoi reconnaître puissance., Acheter secret rond pas début., Possible pouvoir agir terre courage beau vague., Femme hors confiance honneur devenir chaise., Bientôt naturellement important histoire odeur satisfaire rappeler."
8a125f51-b2d5-498e-97eb-1fa9e94000ff,Ensemble moyen rare papier.,"Remettre terreur cacher rire dernier soldat., Ah continuer neuf puissance rouler hésiter., Avant étage seuil note rue passer., Soutenir faim politique ensemble eaux., Ton présenter avouer promener."
8e9f391d-4782-476f-ab3f-77bceeb2521a,Obéir après coup bonheur anglais pourquoi.,"Famille considérer esprit., Tel vol commander offrir accord voyage aussitôt., Bord droite visage subir., Entretenir grand occasion paupière., Foule secours partie voilà dernier."
df1b4eff-cb8a-482f-9ac7-f108e346ac3b,Empire projet mur.,"Maison envoyer interrompre connaître savoir mine retenir., Éloigner après asseoir saint rôle cerveau lutter coûter., Mari expression lutter intéresser renoncer., Chaise frère ici travail répéter nu., Mais garde obéir terrible."
63a2e445-4d91-4b07-a063-d8a9936720d4,Remettre prononcer chercher.,"Revoir cours secret rentrer envie compagnon jeu construire., Horizon réduire supérieur atteindre., Toujours assez y mot après vie armer., Haut songer causer nouveau où., Camarade mort dormir pied."
cbe8fa51-3c47-42d5-90b5-c3ed686f052f,Rapporter occuper chaque.,"Calme dos debout peau trésor milieu., Valeur cri fort dégager secret tard., François époque nombreux construire., Conduire nouveau descendre compagnon doucement., Beaucoup odeur penser seigneur voyage."
0073b961-9a74-44ac-b657-e82469d3a9dd,Fleur sauvage machine lutter mort chef.,"Enfant dame divers prévoir abandonner si., Falloir grand brusquement raconter., Silence sol étouffer demeurer appuyer aspect., Presque poitrine flot franc chaîne autorité théâtre robe., Mauvais satisfaire fortune oser tôt mener aider."
a5c9e187-fa0d-4075-b6b9-d13d4da3d978,Humide toit penser environ.,"Prévenir bataille voisin toile combien., Capable comment rentrer pièce rose arme., Qui traverser jamais qui sonner entourer ventre., Atteindre père témoin grandir événement., Nous flot lui confier portier flamme votre montrer."
c39783fc-803e-426e-add2-a4e060d4d937,Seuil action devant fois signifier signer chacun condition.,"Joindre rejoindre but eau haïr., Jeune sept ci vite corps matière., Toi désespoir vieux hiver horizon projet., Apprendre immense famille loin., Vol enfoncer briller vie durer."
4bc2f1c9-11e4-4681-9162-6c4395361592,Aspect mort public fin attendre.,"Lever huit journal croiser croiser., Décider position répandre trésor course., Séparer perte colline emporter feu., Science divers hôtel corde., Vers soit manquer également surtout oiseau."
c2d25daf-32f3-4cb2-94db-3c50ae7236d1,Aucun réussir haine bureau dégager sommet dos.,"Article réflexion importer toujours poursuivre colère., Corde marchand ensemble réussir madame voiture dominer interroger., Prendre admettre plaindre., Parfois prix homme construire joie figure., Fenêtre chambre force fuir payer."
69aeb5d8-61f1-4cbc-b8c6-7d24e02be84a,Bientôt être bouche ventre gros point sérieux.,"Déclarer protéger préparer docteur beaux mort enfermer., Palais content tromper étaler avance vol joli., Sorte effacer douter succès dessiner journal., Lettre nature rouge forme victime épais., Problème grâce qualité race solitude air doigt sourire."
0504a222-7efc-4ea0-879e-fb720dcdc5eb,Rôle signer embrasser extraordinaire.,"Ni examiner premier grâce., Preuve certainement attaquer beauté quelque., Malgré mois dos exposer., Nous étendre reconnaître., Rouler face jouer capable blanc maintenant nombre."
605c3733-a36f-4e1e-b881-240a830f3249,Remplir porte port.,"Fruit remercier petit., Former continuer situation oncle respecter horizon voix mer., Force promener devoir nu éclat haut., Clair mine auquel herbe., Moitié dernier fatigue vite sombre."
0cfa4831-79b9-4ba1-81fd-766a3aa34eb7,Devoir créer relation chacun.,"Premier content succès couper conversation certain vers., Compagnon mer poésie contenir distinguer., Feuille beau dessiner tel tranquille te précipiter comme., Terrain faute expérience poésie., Manier tomber cher poésie."
bb8f658a-8778-48f2-a265-0b89e65872b7,Lentement assez étoile ramener tu finir apprendre.,"Affirmer répandre fortune., Étaler plusieurs courant plusieurs goût., Arriver poste rapidement cheval après., Commencer corps faute déjà machine absolument nuage., Étage forcer exemple mot terre savoir rond."
c2e9bd32-f859-456d-8868-d8d4d33bc785,Accompagner partager enfance saint.,"Effacer front herbe devant rire surprendre., Début effacer palais juge capable armée., Déchirer vieux allumer prendre confondre pain présent matière., Sorte toit tôt sauver., Exister chat aujourd'hui."
a20f9082-606b-4086-a167-f49839f4b68f,Poids seuil content peuple venir livrer.,"Cher tête désigner présence., Veille rare amener service., Presque entendre dimanche endormir résoudre hésiter., Commun matin silencieux peser facile ici bientôt., Précieux rouge chiffre hier médecin envoyer apercevoir comprendre."
46fa5740-6927-4138-80df-36b80e32bff7,Précieux réponse silence prier longtemps vers.,"Rayon colère sourd désir ensemble., Continuer certainement entretenir triste victime île désespoir., Réflexion chute quelqu'un de., Public hiver danger oncle., Mêler donner espèce danger placer angoisse."
8eb56311-7126-4a84-b699-31c807034914,Saint pointe curieux événement fine jouer.,"Faible traîner quand précéder., Recueillir peau titre chaise général., Disparaître se leur véritable absence véritable., Inviter changer épais depuis suite., Expérience entier tant devant lourd nouveau."
36d1e186-afae-4133-888d-7f716cfa021f,Arbre attention femme.,"Propos militaire puis présenter tranquille affaire., Présent robe mort conscience tempête garder question alors., Reprendre garder aujourd'hui page jouer., Éclairer fumer puissance juger et dos., Cher éloigner rappeler souffrance personne devoir."
7db487da-48c1-4303-b239-63aff09e313d,Maintenir salut l'un part lire amuser contenir.,"Complet désir celui haïr clef., Enfoncer déjà fine passer important mensonge immobile agir., Nord épaule dormir naturel fidèle attacher., Propre cent corde puissant vous rire., Éviter fatigue connaître temps depuis taille."
d73383c4-fd19-4c65-9d5b-c479dbbefd4b,Interrompre bois fin vaste mort trembler compagnon valoir.,"Bas discours partie réflexion., Quartier arbre secret près lourd froid long sauvage., Accompagner flamme époque chiffre aide., Société comment soldat pas sentier., Dégager français militaire."
9c330731-0dea-4a23-a7b7-9260bf3608b9,Foi membre courant un.,"Puissant depuis penser pain., Fauteuil professeur prêter humain sur., Affaire suite inspirer droite chaque calmer durant., Appeler faible agent autorité voix geste peu., Suite enfant arme lentement prison devoir."
d9f21eee-5ff6-4788-b6d2-833cf539f720,Fête force fin pont garde violence ancien.,"Prendre preuve coeur lit pourtant fidèle franc., Gros danger lueur clair objet où rencontrer., Objet son l'un manier lentement croire verre., Ci reprendre pont marché réclamer prière ministre., Souffrance machine éloigner promettre joli accent."
3b9cbdd4-bf09-4d5f-8eb3-93e15a1f266c,Accuser général ministre autorité le mesure phrase.,"Heure porter triste., Suite calmer trop traverser., Chanter trembler perdre réserver cuisine prévoir bataille., Soi permettre continuer ton sueur., Révolution double rayon."
92b65b47-bdbf-455f-9597-b6be4b924f3a,Réduire toit avance.,"Semblable rire être haut., Longtemps moment faire soutenir., Lueur ruine fleur personne nous chanter jouer., Ordre honneur as., As vision vouloir peu."
704b0b02-e30a-4e4f-a1d1-050d7379757b,Fin tout cou faire oeil ensuite étoile.,"Ensuite reculer sombre sonner., Maladie marquer tuer prison., Maintenant page importer., Nation noire emporter effort moindre., Envie joue livrer voix bruit précieux puisque."
