ID_transaction,ID_Compte,Type,Date_Creation,Montant
d4a1bd36-e442-43aa-80a2-baf63c28d756,2d1ac699-d45e-47e6-a3d5-25ad8c00bc75,Dépôt,091021,195
d02b6d9d-5bd4-49e9-9788-8948e865db9c,2de3ac48-74ae-4883-8fd9-158eb8915312,Retrait,180320,3461
94038ca2-8dac-49df-a865-2dc117b32154,4a446fe9-8ffd-49b5-84a8-97643bee2191,Dépôt,290821,8395
f42eb468-111f-45a2-bc93-a155d10729f3,b5bc2d8a-d671-45fa-a3f4-5007a797cd35,Dépôt,250922,1648
bb24d1f2-ea3b-4d89-883a-ce38e3afe645,7e3a5e9e-aab5-447d-a7d0-969eba4bf083,Dépôt,240621,4262
f527ecd7-5b0b-482d-b106-7dc571d07d64,33550055-d64a-4f59-a6b7-ea1a75ce0f4b,Retrait,270622,7692
735919d9-c856-4ead-9fe7-7f46da754f7c,1e3a939b-118a-4377-867c-e802f62cd69f,Dépôt,270620,8081
0d75e1f2-f667-4613-8112-d0ad36f4dddd,830d1a60-0013-47e3-87e3-e03cd006bad1,Retrait,180123,2723
4375ddf3-be29-44a7-8cec-cd80cdcacf9a,441e3647-f375-494c-ad77-9e9e105732d3,Dépôt,130321,6988
3c9f007a-2a7f-48c0-8360-4d39b05f8659,0009eda0-3550-4a13-9498-68899d19936d,Retrait,251022,9582
08eae5f1-4eca-4917-b063-723f3396a441,5e841c89-ceab-40eb-a2bb-5973b4fb766b,Dépôt,290321,6277
a8c20c06-a778-4ec5-85fe-39ebefb00b98,25d639b0-0d43-4c2a-96c0-e592ee8f8e6d,Retrait,181123,6138
3abcc0c1-8b5e-44e8-8453-97f68e3c4dce,ef2dc4da-6569-4290-b4ee-c39d55bb1510,Dépôt,100923,9230
8767eaf6-6c85-4a20-8015-dd7850c13d96,1863701e-d5d1-495e-a349-d7d784786517,Dépôt,070420,8085
3516af6b-cc8d-4e8c-8e47-ea6df0a5c1d1,84b2e26b-a7af-4951-954d-3b8e984f34f4,Retrait,070222,9633
2476c07b-a389-4393-868c-19313a996465,179ea3cc-ffd9-4680-933f-8faa9f434aa3,Retrait,080523,3548
8f444d54-0bba-4924-97f9-42b6bfa10e39,80a0a80f-c75e-48fd-8f64-28901e163a4a,Dépôt,040324,2569
53cf4112-2b06-46ed-b404-e66faaccbf5c,4454ee5f-4b6d-4f30-9c1c-04e31b7c55a3,Dépôt,280921,4973
bd1ffdbe-097f-438b-b09b-b5db97613cc2,15da0be0-1c3a-44dc-96fc-1216aa08a4e5,Retrait,180820,1916
51771157-7461-4de1-b3ed-2ccfa8a47e5b,cc30c426-59d2-4014-899a-e8930f909885,Retrait,230220,5208
c1536811-314f-4e5f-aec6-a813a5f1da9e,970c77ac-d80c-44b7-9eea-0497c9398e4c,Dépôt,060823,7955
c0dc8757-2591-4f6f-a52c-7de971b2a77a,ed396735-99f7-40a8-bd25-0146c9ca6911,Retrait,080922,2872
4d74e557-a9cd-47bd-8d4a-831c491323db,f538d7b3-5fb1-473b-99d1-2feeb4bc8d65,Retrait,150323,3567
de5be1cd-f613-4ee4-a297-737667cea0e0,50cc2f12-00c1-4a3a-a93b-be30c495296f,Retrait,051120,2144
e1a44322-98ac-4a4f-8955-84a258655bf2,4d666e08-84fc-4e00-8f32-72fd1fc96f6a,Dépôt,130421,4915
e9875176-858d-43ee-b538-c9e247ba0a1c,ead4dd61-a44c-4cfd-ba4c-7326ab905428,Retrait,240722,9756
ecc8bfb4-976e-4eb8-b643-6dce7a843974,65cafdcf-d81e-430d-acc9-b41fb7ad2835,Retrait,281120,3696
2937003c-79dd-48f6-b7aa-5c5d92ac787f,c41f8aa1-be92-405a-bf5e-877a95b594e3,Retrait,020221,2947
3bb3fcaf-89c0-4d09-a9d8-852f36ca9875,f4091277-401a-4046-bc84-71b95fedb49d,Dépôt,251122,6719
5e98b696-4caa-4d6a-bd77-e748212be4d4,f6fbf13d-5561-4de8-a383-bae49d02a9f0,Retrait,290922,6500
ffd45bfa-fc12-4f12-b8ec-0181d95f43c0,08673c3c-f4b9-44f4-9dde-e12b4062a1e7,Retrait,030822,6298
b2a0338c-c865-4066-867b-03e16a0cb710,e5e6c054-0f93-45c0-82df-850dba823f0b,Retrait,291022,1267
9943f2a4-4b75-4df7-a3d1-592599685c0e,de7338c4-be4a-4ea5-a27b-873f3f891943,Dépôt,311220,2403
5560de7d-8290-4bdc-9a27-cb4121500c54,418af970-af4b-468b-aeae-5f52a7916c24,Retrait,131020,8269
165cc19d-ccfe-4fc4-85c9-27d3f3d6c928,7841f7dd-df8d-4028-bd82-f4c7a9f9862e,Dépôt,221021,123
bde58e8f-5557-4746-acb6-63845b745687,f2759bfd-0cf2-493f-935a-5a4a5759f636,Retrait,030721,2443
1d5f2894-f5e1-4bd1-8d85-58f09de7b88b,d28c635f-17a4-4ddd-a967-33ef54b72ff0,Dépôt,240223,6714
77143c94-08e5-4593-858f-88da6f2ac294,3b078005-fe4e-42a9-bb14-5a52797f1bea,Retrait,211222,4693
bf94ccbf-d8aa-4056-8502-890e7d68c607,b116808b-716c-49e8-bf0a-256cbbcc4d68,Retrait,100521,9379
b76c5bfe-583f-43d2-9f66-b34a60a0823e,c5b920ea-bb27-4341-8f87-636d1db67489,Retrait,091221,5506
bf93b814-831e-4316-bfa0-cb355b78d0e1,8f28aed8-8255-4881-81c1-a6f9d0e923ce,Dépôt,170522,6036
27b7c356-4213-4d8f-b8ff-9b7fa34d875c,6948644a-65ec-466f-ad96-873f13914397,Retrait,271123,2595
c13a89a0-5557-4d1f-a51e-1f30245fc9c5,38005ccc-cc8d-49c8-b4ed-57cf895278d6,Retrait,270720,1808
cdde7d97-11ec-4392-8c36-29923b6bbba1,6a60bb4b-27c7-45b4-9604-9dbf57e69cbf,Dépôt,290124,1843
6f40aa97-b046-46a4-8349-417ee62fa69d,481869d3-8fdd-4fc8-8d5e-3394fcb6828a,Dépôt,161221,3069
861700e4-8aba-4bc3-8112-56d8d4e76e58,8c5904bd-f454-492d-a7f9-53aafbc42d90,Dépôt,071220,9110
88b9b73b-02e3-4b19-bda8-90d373000c71,03805b4e-609d-44e4-8556-c9110d20bf3d,Dépôt,270622,6459
67e1c878-92eb-4ecb-924e-7bb5f2437a68,8e83fcbd-63c7-4566-b507-93a45e168c46,Retrait,100122,7330
2ef1cb0d-78f0-4988-8bf6-7d350b72cabd,969e5877-630c-49b6-8a2d-8bf603c2cd81,Dépôt,200520,5767
26d1d8e3-6c4c-44f6-8c53-5c1e9fdd67ed,712b7bfd-b48b-402a-a3b0-f6dc8ec891ee,Dépôt,170224,4451
c981349c-1731-4189-a36c-d5d9d7fdbe4a,aec7a711-9bbd-49e1-a030-90e2c142505e,Dépôt,060220,9076
3035ad1c-f7f5-418d-8d18-2125ef31e4b2,31c729e8-a9d1-4bae-a453-62eafdd8e560,Retrait,191122,9030
e11b5a05-a868-4243-88d1-cab98deaa0f0,3b5b3944-0b0b-4438-984a-fea78cbbbd60,Retrait,020522,8923
64564102-2774-42fd-8efe-3bd55a1c479f,c5eace37-2b10-4ccf-a781-5e33cab7d713,Dépôt,011022,3442
bc104cb9-fcd1-48c6-831d-cc87e4df6b20,a334f835-1249-4734-b8e3-30be9e408196,Dépôt,230221,2911
b50f6ea2-fc35-494a-b1de-12105a011651,e0b541d5-1a8b-437f-8188-fe5804c5f9af,Dépôt,290520,3758
a3085f6a-deab-43b4-9b47-767238e0b424,7750dff1-8104-4bcc-afab-ffcb28d2f173,Retrait,171122,5324
ee9d063f-7a2f-4966-b0c2-6f7af8e21d2d,77b3ffb6-7ebc-4f24-9778-a394cd563459,Dépôt,240420,9997
3462fc50-2602-49c4-8ceb-5c400aa3eaf7,9e077b7e-6d85-48d6-8922-fb817e874003,Dépôt,140820,7899
584bc2c9-3362-4643-8162-69e0b14ffef4,7f7e6f64-3f98-4b16-8770-86719675dcae,Dépôt,170720,5156
f3472760-b7ec-4d55-b17a-f96342d38ee9,fb00360c-a1a2-46e1-8d0e-74d6371c5a17,Dépôt,160423,742
8b53076a-f566-459e-8dbf-355dfa6e6b65,79d4f2cc-f0a6-412c-9a50-981a4af0d5e8,Retrait,270523,3667
76e3c0d5-a9aa-4ee0-b008-fa944f8c7595,f4b1bb90-4869-4e36-ab79-4971c8cce354,Retrait,070520,5740
ef196a82-c9f3-4754-8b59-1f375a05e420,61da9937-1208-4621-9951-18fd2aaf40dc,Retrait,110222,7175
b483c879-afa8-4159-abbe-351b8e7c3080,523a55ee-e4ae-4ac5-8f3f-b5e79d339968,Retrait,070620,8510
0f6752fe-7c6f-40fa-a96e-da42543fb394,f575f4c6-8aa8-4450-b77f-b03bea132d0e,Retrait,100322,177
94fd70c9-a5ad-4929-8915-80438f2b49b3,6fe0eed2-72ad-4606-aa05-de822fbfda42,Retrait,220223,3196
d1c0b27f-2ece-4613-84e6-7da83af9567a,d1dbab39-98ac-415e-9da5-fc98b2e05f6d,Retrait,240922,4048
38d43fb3-2f0f-4788-8de5-ef76d91369b4,5136bb8b-4d06-4aa1-9f30-10167a7cba20,Dépôt,021021,3134
0e3959eb-a389-4801-a89a-a42b8dcde69e,6d2f7994-d28c-461f-9316-3486e07baf1c,Dépôt,090721,7863
4971cf39-d1a5-4dd0-be19-96e44e02a5a7,b7aabb05-df26-4ab8-859a-f497ad74e2bf,Dépôt,281120,1769
6e5efa3d-7964-43df-9743-fb55576ea183,ba8d2896-f8da-4cf2-94a1-e9c6a73724de,Retrait,131020,3369
e532733e-489d-4228-a725-197b11a4c46b,8cfc2084-4922-4f8f-b698-6249a90add08,Retrait,251020,0
a1c7c3f6-d9bf-4c11-b686-582054580951,32ca39b6-cb80-46af-b697-ae517c9afb9e,Dépôt,270720,7043
3b6eca21-d3fd-4ae8-90ef-d1da031a98fa,7ed99b0d-713a-4d44-90ba-86768e14c05d,Retrait,080122,1157
d7886104-364c-4a56-a788-a8cf614aa531,42f3dd05-f640-4258-b003-d2d564d443ab,Retrait,231121,7806
e49cdc2b-0a4f-4765-b7f2-6c70c08c2ffb,179608e6-4980-47f7-9f2e-a485ead89901,Dépôt,130122,8224
9f5e581a-9afc-4a0a-b5c0-1b504632a93b,692d9304-7f94-4e29-a6be-cf0d587b159f,Dépôt,080124,6736
65daf351-8678-4a14-9855-69f73da4db00,fddf74d7-74f5-4c8d-864d-261af9c1e492,Retrait,190920,4527
0634c5ba-9aad-4b1c-acd3-22602409b15a,0dac3f94-2d44-4227-9293-e705e48ade0b,Dépôt,201023,7670
6754140d-16d2-41b6-bf90-9ad69b982342,4c54f2c5-6671-41b0-962f-4dacaac29c05,Retrait,091123,7949
dba93929-38f0-46ce-8b73-e6b593b44283,0faf7b26-9f43-45c0-89a5-a1c13307f771,Dépôt,060720,8525
83d960ad-7d8e-45d9-816e-43eb1eff1c83,7d50f36e-2bcb-46e5-84d8-1470845a50bb,Retrait,050923,9998
a20c32ec-fbd5-4b1e-8a98-a78c32c173f0,c4a50a77-1ea6-43e2-bc2b-a4607ffd6d72,Dépôt,110122,1604
d8deeaae-cd27-4b51-ba71-902548ab2871,f76d2dce-730f-425e-9e3c-1740c2db290b,Retrait,100521,9285
4abfb888-4f4d-4ded-b74f-37a782f9434e,d9a7d737-9185-42e1-aec7-028466685a08,Retrait,310322,3647
29c44808-6bb4-4ef2-91d8-03f69dfee758,57910fe5-cbd1-4e2d-84ff-412ad9ffdf9e,Dépôt,170420,6600
b01d4a2e-179d-4ae8-b464-02a488712cbb,2396bc90-0c35-489e-93b9-8d2bcae667c2,Retrait,260321,9467
1a7e4df7-f690-4181-b437-9887c787850d,cc2e9df3-9fb1-40c4-93bb-b171ebe25042,Retrait,301220,1985
1aad22b3-5542-4c66-950c-72d34e8f72b7,801686b6-2e4d-4c8a-8b53-b592761723f1,Retrait,071120,8740
a349e60b-87fd-4b8d-a7cb-301ad01a6609,a85ce1da-1dbb-4a86-942e-3fb0657b5d3f,Dépôt,280523,4873
682db990-5015-4516-91d5-119ddfb41bfb,c7159e07-c3b1-47d6-8568-a871410f5f5b,Dépôt,020221,3456
b86f977f-0054-4406-9aef-0d500aafc3c2,7c089d61-b357-456d-8fc0-837416fcb991,Dépôt,161222,5608
54b4a1c0-abcf-4269-b008-c22cd9885989,c9a1a1d0-8fcc-4ce9-beb1-e838d6dd45d1,Retrait,210520,4785
b54c78cc-30d9-471c-8ad9-d09da60dcf7d,bed17d86-8edc-4fb9-a45a-5d4371a00cad,Retrait,110124,1631
9a27b213-a140-49c2-8895-7c4da6bc3913,f5c2a67c-a968-43bb-ad69-b9a80ece3c14,Retrait,120520,6558
e385d351-e3f1-4c71-9c96-ac62dcb3fd8b,cab55612-6dbf-424e-8696-70d02be839fe,Retrait,090220,3122
df1de938-10a8-499a-9f34-529a64155054,317f471c-ff28-45b4-b84d-2f94d9a0663d,Dépôt,030923,3168
337c8140-d5cd-4343-a5d6-a7fcda85799e,ef884447-46b3-448b-87e7-77e12d2fd1ef,Retrait,261120,1569
141361d3-2ce8-4cf7-8b51-29dd7df5ec51,e14366a8-3539-43c1-aa66-7d3d7c4827b9,Dépôt,050221,2405
5dc87af5-c3c5-4b55-b2fd-95bfb4a4471b,a8fa1c27-54ab-450b-b9f0-240299fe9d17,Dépôt,280520,4321
12c34da9-9ae7-422c-8906-7635892b684d,d209a228-2208-4673-9f22-e37d213e2d93,Retrait,251023,8158
a05a18df-6339-43e8-909d-39df02fc1629,01add7ee-c8ae-4acb-bf06-f9d4e2eece00,Dépôt,230321,3642
7a35b765-3dfc-4c29-ba82-40ae379fafa0,d0719816-1bfb-4257-afbf-e388cbc004c7,Dépôt,210122,6680
d6a0a92b-fc00-48ac-9e73-e3218fb43879,342f258d-4a69-45ff-9428-fba5783a2398,Retrait,241222,5997
834979d3-bce1-4373-b742-55fb640b940a,d1532b6b-bebc-4d58-be72-d2d939035362,Retrait,091120,7690
2622a5d0-a540-4328-a564-01e081750a5d,b871e8d2-4baa-418a-ab60-caaf237c1c3f,Retrait,240923,8981
d9be6425-9974-4e4f-8eae-55465bd56e9e,f2b614ea-cf0b-4fe7-bd9b-d094d7609bc9,Retrait,081022,4296
12183bb1-3ac5-4b7f-9866-63d2cecc7dcd,2fb5ae6a-2b67-4288-8699-e9d5e49ce6ad,Dépôt,040720,3698
9d308659-8aef-47c9-8011-3ec5adf8b1a8,07b88dbf-3538-4e8c-9975-2612ef54ad23,Dépôt,280620,5974
9d6a4d20-6c67-4f4a-9ca3-830b53897fbd,d0fac82d-cf5c-4c05-af0a-49d514162535,Retrait,020322,5527
eb3af07b-a85c-4e9c-a5fc-3a741b221068,1ba55f26-c478-4161-8661-10730527d884,Retrait,260821,5554
5bf37904-edb5-4c6a-bd69-a13ad0957999,304193ce-ad8e-4873-8c66-a986a25baf5e,Retrait,041021,702
b4f67822-c83d-445a-8b73-0da7b888b672,b858a5f8-ed56-45cc-8a70-058c2558d765,Dépôt,290123,8339
bb1577d1-7c15-4ee4-af54-796ea2e2151a,34291885-be77-438e-a6cd-2e26841b0cda,Dépôt,230922,8124
6b3dda0a-f633-4753-a5c1-7bc078b7ad3d,44c5aea5-ee06-4c40-9d55-ae6ad65811d5,Retrait,270723,4735
3c021718-e717-4910-ab20-c18b969fe8b3,7159a31c-9501-448c-99d9-299756a367f0,Retrait,130422,8266
8598ecac-0c7e-417e-8bf0-953f24342322,5b27288c-75f0-4212-a20d-6d625a1a6afd,Retrait,081023,1184
ca616e4a-3f07-4e7a-ab13-3d8844fc2299,b9229b2a-a254-4eea-92f5-5e9ed0278056,Dépôt,110720,6025
666c8a3c-7b85-4205-8ab9-1fd75424c522,13dbe36d-7270-4d65-8189-4b5006a6da61,Dépôt,230722,8572
538f4962-7449-48da-a50e-40a1b56fc255,f9cdf547-f993-455f-9dd8-587b2a769cb7,Retrait,101022,9598
0e362e14-c528-48a9-8d8c-bfe107af0c1a,31edadcd-fa91-4ff4-8363-5f11596d8b02,Retrait,281023,9779
d13a7a69-6953-4f2a-ab96-7ea0d80d67ef,e3430d92-582d-43b8-81be-a7e8f88f2a96,Dépôt,090523,7263
fa605cf5-65f9-435e-b0ef-7d91ba15a028,1957d032-01ac-4b7b-8512-16bbe3bd9e78,Retrait,250922,1760
794ffa42-dd3a-4249-a181-b39deb134990,88cb27d3-cc8f-497a-afe3-f7c20caac74f,Retrait,171223,6072
58a7b4de-9b4a-486c-a6a5-3e4fe498b3e2,3e79329b-8a1e-4cde-b977-b9c1b7e7aaff,Retrait,281021,9140
51392ddc-f4e7-4fde-947a-a00628233685,39685bf4-fe87-4bba-af56-efb41b123f6e,Dépôt,041023,3097
48e8223c-fd95-4ff8-9e40-4727bdc4483d,75afc6b5-d4b6-42bc-ac11-d4a0d389e009,Dépôt,081222,6702
89c29d54-4220-47a4-bc04-b746e83e3766,b4ea60ed-6865-426f-9735-87be83c38b43,Dépôt,240920,7256
4bdc503d-a415-4c98-9fa9-38a3fa4f18da,e8db1f2c-f1f5-4aed-a0a7-a3257fb75f0a,Dépôt,081023,3280
f137d9c1-a5c7-4438-aed1-a768f71bb568,7f9f85c0-6d0c-4228-b2a8-9a80f1791b3c,Dépôt,240222,8982
83991c24-6c9f-4f88-b708-030b3303d8ef,e9470192-3e6e-44a7-a8f5-169182b6bc05,Retrait,201022,2839
7bded53c-5317-48d4-b09c-855bb24ed840,cb071c3e-dce7-4012-b7e7-380d9f75dc43,Dépôt,130221,5478
23eb51fd-ba31-4f5f-a0e2-b1832ef8175c,34c7fee4-d2d2-471a-bdfa-b41347cb79f7,Retrait,170323,4611
52febdc6-28d1-44c0-8174-a5d1adbae5e1,e09861a2-b3f8-40a9-8ee4-a56bbf19b4fd,Retrait,270923,5772
de3387cb-5cc3-4233-b759-3a8e16083457,cadab55a-8451-4173-948c-d10c90dc9d6b,Dépôt,090223,1168
c74c51be-8194-479b-b851-b4f23020c40a,2d117c1a-47d8-40f0-aada-7624197b8394,Dépôt,050320,9294
ca255c8b-2af3-4618-a19b-abe5f1e12d64,9702ded5-d703-4a8b-9b7b-dfebb1563487,Dépôt,250621,7969
377ba288-8d16-46c2-8fdc-6abe623304ed,04b86bd1-a36d-47e1-a267-4b9758b7a73d,Dépôt,230123,9252
8c0727a6-7836-4b1d-af34-b896997008b4,5586f91c-4291-4499-a887-9df79b36b713,Dépôt,131221,7591
358edbbc-7eb3-4ce1-93d1-964a73d84da7,ec675b84-bb36-42b2-b902-0c83484466c2,Dépôt,130522,3040
88904ef2-71c4-4387-8e4b-a09378b001e8,674ede64-cc1d-4808-9638-659de91d5581,Retrait,110323,1476
fddd24c6-f158-4c4a-84a1-c2d98d7312f1,68a0f874-6060-4970-8691-e53581c16626,Retrait,300322,5277
69ad30c4-e7fc-4618-a6c0-2785e5994d3d,267f2db6-dcaa-4bf6-ae30-d27aca558b9d,Dépôt,060120,9794
faf9fc84-04b7-48a5-ba3b-ffd16c9c0d22,c6365dba-7b75-4471-8ed0-2f24572300fa,Retrait,130620,5762
049baf22-6b5d-4413-9327-1421fc7fb7bc,4ecc9b2f-0325-45e7-be47-a6a26aa2fac8,Dépôt,130722,6896
c724f1e1-a37b-4a39-8e03-b17a364108ba,e8ab3872-9503-471d-a86a-268a4ecd6874,Dépôt,040822,1140
035cab79-2d8d-458f-b165-78b2f9b1441c,974dd630-6837-4c6f-87cc-3db3439b499e,Dépôt,100620,6865
01b8d4de-f892-4cf3-b855-18f90d566caf,bfe6b3b1-c756-4314-bd52-daed4ab601b8,Dépôt,060923,4871
fe061e33-d04e-4e3f-85a0-12388127285e,d1ee5c04-a426-400c-8dc1-1c609d9ea878,Retrait,190923,8809
493042c2-4d3d-49ff-a929-0c3c9693664f,2a8c11e8-1953-4592-9591-831c50e15e81,Dépôt,090123,6136
d62168bc-f83e-48eb-8b72-71412797e95b,2517e174-ce66-4f9a-b0f9-239251dfaa0f,Retrait,131120,4853
e2dd966c-b117-4d8f-a3e3-c882244fb2fd,2fec480a-671e-4cfd-b1eb-abb633e6b9fa,Dépôt,170422,2706
62724fd1-170b-44e5-a5e8-6f064d8577fc,129850d3-a465-4fec-a44c-6e8951666ddb,Dépôt,230521,2450
da8e956d-6744-4e1f-8e6d-6a03005bbf2f,6827b4d0-cd2c-4d36-982d-85737dbe5802,Dépôt,040121,5956
47414e9b-23ff-459d-a42d-cd7946443936,51771e0c-1251-451e-8529-2aa2f7fa29a8,Dépôt,020121,6232
c7183f3f-42b3-40bd-bc90-247d79df5591,447e8c25-e18e-40fd-aa2d-4c75ae8ab6aa,Retrait,200622,1617
a5d10866-acb5-4ae8-9d28-6e604f6bec0f,8d0b49ab-7838-42c6-a0d3-1788d18f4c68,Dépôt,170823,7874
1881f2ef-e310-4d8c-9c1e-f3c83700ae58,cc3ed695-d035-401b-ac84-c875101faa15,Dépôt,270320,9249
418b74f2-36bf-4117-8a07-4015cf62c558,afdc03c1-c652-4f23-9958-5a4c290521e0,Retrait,240422,1608
23d7b2a0-18c9-4c87-908f-607fb5ffe5a3,68cef7f0-9ff8-4f7c-9ab7-396c8035ff5f,Dépôt,250822,8156
f90357f8-3261-481d-b9f9-6a2cb1ce4c45,c0b588cc-d728-4e45-a186-e2a1e2a67a1d,Retrait,301220,5254
ada0a411-4dbc-4929-bddb-5428ab4ec367,15e162f0-226c-4da7-aa7b-13ea8853eedf,Retrait,240421,8663
9125cf1f-0056-4193-9326-46bdca7d5212,1cb203de-990a-4054-b562-e40b1c106691,Retrait,090322,6420
c508bb9b-1b7f-4b82-ba6b-6a5ef18e1913,dff7cfeb-b739-4629-a32a-972ed87fbe85,Dépôt,270223,7062
2ea0ec2c-e5c0-44a9-b50f-046208e41142,2039935b-82fb-4b68-8196-1a577c396523,Retrait,030821,1202
665477f0-1002-4379-a001-7160a3747586,e917645b-7567-49d5-9252-93ff239df506,Dépôt,180323,9547
0e36124d-af59-4a7e-8caf-b8352a7442bd,24374d7f-3b27-4eb1-a52b-cda51485faee,Retrait,190423,453
e9195fe0-d188-4529-a916-28114d0ddbb9,276f8c57-1215-4682-b631-5ddffe4a85e3,Dépôt,210423,8229
67d40359-053c-47a9-9c48-759cec443e8f,9c01bcc9-4c36-4319-891c-7fc28a7ef38b,Dépôt,120322,4242
82436dda-e49c-44af-afa7-5fe2a140539c,90e316d4-7c77-41d9-94e2-da35e5f18c42,Retrait,220921,7736
914353e8-87dd-45d0-98df-d62ebe6475eb,5027aa24-4981-4973-bad4-ab9de5e9aa1d,Dépôt,281220,7512
d32f3fa1-b0ac-4aec-9304-337b3bba6ab3,8d97f0ca-87ee-43bc-a253-6b40bb6a1f48,Retrait,021220,1717
9fc2c5d2-54c2-4ad1-9fb8-5d64f8ce2c0e,826d2213-f401-4d6f-9fd5-100c10798644,Retrait,270623,7205
8ffa26e1-538b-4c14-b144-8bdaf7a5e6dd,7add9f18-2eaa-426d-a796-feab1fc4cccd,Dépôt,140523,5085
769c4cfd-2c8d-40bd-b28c-d46d5f7f58c0,11cfd473-664a-4fe5-beba-17a8c130cf1c,Dépôt,060821,2731
1ec625fd-b3d1-4778-8f34-5a663e023ba8,5fc601e3-bc83-4d05-adec-ab91596d1dbf,Retrait,280620,6098
5acbc64c-7e56-44ed-9746-de954e6f8de1,015bddaa-171f-4c0e-9a42-86c82019e9cc,Retrait,260120,6727
2f83b70c-5c63-444d-963a-d64384571179,6f10469d-37f1-413d-9f1c-733c536a5e17,Retrait,220720,4733
6d5d6bcf-35f3-4cb6-b4d2-d1faacbc730a,8ee8c028-0fa0-4633-840f-a135bece478b,Retrait,220622,4415
b5382f63-fdf0-4074-8b2b-0291039f4abf,9b49ecd1-a5f5-40bb-9e2a-038c0290a6ca,Dépôt,030422,911
6af7d6d3-734b-4888-97c5-08f06a831742,eedb9e96-0aa4-41a2-aae0-cb96a4f2be9c,Dépôt,310720,9244
ab520d33-6c92-4a10-88a0-bcaeaac655b1,510e41e7-699e-4d35-8ad1-b6e809b7fe6e,Dépôt,150522,8602
70f7b51b-cd3c-43a5-a3a6-44478152f857,33898573-61b4-4990-8d29-cd2ebd72962b,Dépôt,020620,3531
3064d2bf-bd46-43ff-a5c4-2f59ee0db591,98d4e6de-6cbc-4a0b-b01b-63b79175f8b5,Retrait,031120,6661
d78239eb-08a2-4194-8958-f713568799e5,c2d4a024-584d-4d45-a34c-f5b444557b64,Dépôt,260322,3348
40cc5fdd-bc7f-4e12-94d9-4520563e94d2,d9d85101-cee4-45b8-adcf-158e3e621ff3,Dépôt,110623,3983
f8a0c22d-b7fb-4ba9-8bb8-cb583e393fad,cf5a2c6e-da58-4c2e-ac44-586819131e33,Dépôt,040321,1740
8c710086-11bd-4fd7-bc47-6cab2c433c38,1e02fbb7-78f0-4653-93b6-628a104aa72e,Retrait,040321,4397
9d11c141-0cd2-4164-9af6-fe5932053b19,86118ba9-acab-4095-995b-b6d8ce043849,Dépôt,131023,1527
f0cb1359-d422-4bc3-9ba0-dd86bab1e14e,64b50be6-f8fc-484c-9544-fddaf47f7728,Retrait,130224,958
8cb274c9-a951-4e56-8f9e-50da26024551,51b7f056-5415-4278-8af4-5e62cd715289,Retrait,280421,1849
47dd3593-b276-4bfb-958c-063d233a2357,78fe8126-b526-4912-bf3b-cbfa1057d428,Dépôt,100723,4904
dfedea40-a545-489d-ab9e-e64cff87e8d2,aa5b9200-6c09-4a3e-9109-1759d8256d10,Dépôt,010520,2537
699b9bc5-639b-43c9-9f1b-dd5c11661734,8d5207ff-5a5a-4a64-ac5e-070cb20dc161,Retrait,240522,8156
37a16ddf-e7cc-44f7-8394-bacc7b34ec44,df7750f9-28c2-4c44-9574-14a3b19a0367,Dépôt,090222,4539
c935f51b-97c5-43e7-9625-ad3111f9e80b,c7574f36-c9eb-4947-9594-8052f5f084e7,Retrait,121122,638
b35be7fb-9d14-4d4e-bb40-2bd8e291fdf3,80c1977e-16d5-4e24-bbc7-8804b0b0b10b,Dépôt,210423,6261
61328f9c-dade-4f16-828d-5bf0818648d2,16d956c3-4af0-4824-9bbe-cd1caaf62f9d,Dépôt,140121,9582
4ef638a4-3907-4fc9-b729-c32b67c22fc7,b25a57c4-014b-436e-9daf-7428b8634e5f,Retrait,141221,5901
54fa0382-6c74-48d1-b978-21a3fc45f0f2,d3d95034-5fdb-4e3c-ba8c-3ce9f1e80064,Retrait,271022,9826
13db884d-20fd-47bc-a159-ec2805803b38,2f0588db-93e5-4692-ade4-3280303390b6,Dépôt,210120,2115
96ccbfe5-dc65-439e-939e-7fb3c36ac6e7,e19b8bc9-2b6f-4610-8da6-fdaf1257d084,Dépôt,200421,3451
0d3df006-06d4-495d-870f-5f158ff7cf14,55438399-9b45-4e47-8427-585f58f539d6,Retrait,300822,6738
7c7b0120-3aaf-4c54-b7c0-35c6b1abe22c,a460a36a-3eac-46a0-922b-f25baded9ec5,Retrait,221021,3758
c8d6b2b8-7ab5-4776-bc87-fb447eaefe42,0e79684f-298e-4830-872e-08c7492b51a2,Dépôt,010623,3135
e1eb1ce7-3964-44dc-b568-315d166420c8,a972086e-be88-4cc4-b62c-6fc045824b87,Retrait,250823,907
c6baf055-8481-402f-b2d9-5c3e3f62cd16,21f6bdeb-e654-411b-a2e7-4f126fc0b8be,Dépôt,210821,9440
ff5de8b5-8af3-4b20-8ea3-d069bd09a1d9,84e7de2c-d246-43e9-b690-db130b4b5464,Dépôt,161122,723
3827e65f-2ea6-49f0-98af-da71b75ec918,78b8e066-572d-4d95-8151-33e2ec574bf0,Dépôt,130423,7617
b77f06ce-9147-4f82-9927-081744cb7427,58045dea-3799-48a6-8930-9cea85590d46,Retrait,090520,7367
8613512d-29b1-4012-a8b0-d248bece9591,3ae7c3c5-7b5b-40f3-b5cc-14a0ba003b2c,Dépôt,050122,5067
3b3b31e2-8372-490a-9f5f-253a42e99110,86372b4a-68f6-483e-9b6f-2e9e90c330c1,Dépôt,300523,6556
9cdd190d-8b68-46ef-991d-94e059be815a,0e26bcd3-2c5b-4381-8498-f93dea66f28b,Retrait,250920,1416
c2e9a6f8-e6c7-454e-a905-22a6378b97f5,0bdce9f5-3368-40c5-a387-a8329e47e9c0,Retrait,150722,8704
482bcbad-d5ef-4a50-b867-9adc12967dff,e73898ce-55e2-4136-b14a-2b75bea21323,Retrait,140721,7219
f42da2a8-5e8e-42ab-b300-41affb1f7b8d,b5e711c8-8e67-4ec9-ae8e-6f599a621c08,Dépôt,011023,5430
41555ed8-4f8b-46e8-a699-a6b09394e720,2da958ad-893a-4591-8918-f506095b9e19,Dépôt,040124,1464
0f5c1b73-1046-4f16-95e3-7e71912fcb9b,43c344c0-516f-47ad-bb2f-9a5291dcebe9,Retrait,210121,419
fb1e3205-e23d-4e54-b262-f103755598bb,21b56aa3-dbb4-4185-b308-906f08f9b45e,Dépôt,271120,8621
c35dc22a-465f-4964-b253-11c2544e3d9d,a4199f90-0d37-4f0f-bb2b-1de27c550552,Dépôt,131023,4967
5df78d7a-6372-4356-89ea-209724700194,c97fe9e4-9213-4c9f-819e-b9348299c5f9,Retrait,310521,7026
5db4021d-19bb-4691-ac66-06615aecf719,b4476913-8426-4d00-8a01-4809df6b2a60,Dépôt,250820,6561
6d53808c-1bcd-4a51-9568-b9ba5cc44c59,5d696243-8396-45d5-bc8b-f01d0809c198,Dépôt,070822,3159
8d65855c-f925-46ca-bd2c-5006d3a19578,4000f439-bc77-4d0c-b126-18c10b58441d,Dépôt,170222,2209
792bbc4e-f106-4d95-821c-817d7fe86be8,18191e2a-1105-4562-9dd1-546482f59d46,Dépôt,221020,2956
a2c4c818-90d8-4c21-aa5f-11a45eb1345a,50b4435a-d815-4f7b-8313-ea282f4d50ee,Dépôt,250123,9594
e7c60302-8dac-4674-96fa-da3c7795a7ec,c0948867-b427-44f6-969b-0b0014f915c4,Retrait,040623,4375
f25ab261-c09b-4b6e-8b6d-4272eaa6ab20,7034a68a-caa2-44d1-b454-4c6cd974000b,Dépôt,290923,4401
877ba7b4-bb17-41ac-a70b-eaf367f774c7,4be84005-16e4-48dd-8ff0-2f15d81a1461,Retrait,061021,1422
0e6d2b97-58b9-4af1-8dcc-2310f0c00943,0656172f-00da-496a-b36c-acb1522c765e,Dépôt,251021,3241
800714f2-d0c0-4795-9b13-a1d99f2e44df,208e3e21-af32-40ff-9917-252f0897da08,Retrait,170520,3626
7c43afea-3ae3-4c64-9067-c8fc18d4bf3d,6d6f0476-bad6-48f4-b2ef-d5c7f5cc2d52,Dépôt,180420,6585
720a05c5-24da-45dc-b488-ddb4f3438322,fb24dfbb-842b-427f-83e7-8e734dec2d09,Retrait,080620,5299
2ee226b1-9b5a-4fb2-bd9f-14131b99c79a,e210bcd4-7581-4805-8e59-ae874ddba5e3,Retrait,280621,4398
abd6cc4b-076b-47a4-91ed-c97c73dc1e90,5bb5fd86-823e-4b20-8124-05b3f8cdc358,Retrait,220221,1955
d81456ea-cb56-45e8-84f5-373f637eda08,759d2ad1-9bce-4189-b0a3-7ce593d30911,Retrait,200121,6780
907be962-1d19-4703-8a51-b02c6332eae3,63f92b81-e7ba-4b82-9c5f-36907c7f4f84,Retrait,200423,9502
94b4b58d-e25f-4014-965a-7811cade7a6e,d4efa477-5805-49bc-bc01-5a896e5a64d2,Retrait,211220,143
27d97818-f507-4e51-9fbf-81a74284ac32,78b866c7-288c-42e1-9e8a-6f5ce4b1fd0c,Dépôt,230421,4678
1d5544bf-4f0e-40e9-9096-b98ad2909316,162d9c2a-1f22-4313-b723-db72de5ed054,Dépôt,100322,2778
5d99d2f1-d9c0-4405-898f-e4522aec8ca9,d838f0cf-c2f2-4578-9fc1-60dd0f7848fc,Dépôt,080522,4527
15650a97-cf64-42ae-8dba-42542f84ad64,f1dd7a61-6a0e-4752-afbb-5294a4be6102,Retrait,070423,7813
f7f43be1-7e55-4e66-82fa-9ff485cc13fb,8a93f647-3531-4808-842f-034a4b8f64f5,Dépôt,210620,8663
f691ff06-d80d-47b2-89a0-536dd9ec80c1,d751c19b-fadb-4a72-b8a8-e7061e54dbe3,Retrait,201021,9025
b156c643-892b-47dc-80fb-fa9d6772e0e7,f039adb6-07cd-425d-8fd2-2c5730690d17,Dépôt,230123,118
e5bb304e-d4a3-4001-835a-d33f9936ff14,1ff17b0e-692c-44c0-9ee4-52f2b83d6a55,Dépôt,291221,2259
a1622934-f899-4440-b5d3-a2bf3b720746,5d6c2119-3765-4873-b648-ecfc7f153652,Dépôt,030923,271
511b85a3-e62e-4bdc-b80f-64c8e70387c8,c2f7947a-995c-4ed4-8e87-3949ab0d2f5e,Dépôt,050520,3927
9053e891-7d86-4833-94f0-07decd6483d9,7ad45c8e-91a5-4be5-89ae-2d3d16f99a09,Dépôt,120821,6779
ac92c85e-0da1-4495-997b-0a878b92179a,db818d11-89f8-4a38-ae1c-c53c27a13d99,Retrait,040820,462
ac29e059-4ec3-4997-8557-0e33fcdcb7d0,22f0aa76-8118-486b-bffc-bfbddcb6e6cf,Dépôt,221223,4488
5dfd2be2-ea6d-4374-b1ba-a72561249603,ffb24e54-7650-452f-a4bf-fb8b5b2d8786,Retrait,241223,5135
7e9c10af-d173-44fc-ba97-6a6b1a652403,e4ac605e-cbbd-4c24-92b7-c266764484ec,Dépôt,220123,4428
add22618-0ba2-4aca-9669-85c0e8296806,9ab8371b-a2a1-4c3d-a3ea-1571a837febd,Dépôt,130721,980
db51ec33-adce-4b08-953c-8b01c5a07ab6,473e743c-8241-45d0-beb8-2ef83b2c87ea,Dépôt,270121,4121
ab1361e4-1f61-4bc2-8849-ca011a7d74fe,ef5db56e-b9b3-4a72-9531-1b6951105fb8,Retrait,140923,1988
878b3571-c18a-435b-840d-108c626e305c,230f36ad-131a-4698-af6e-6c609b8053b0,Retrait,260221,8505
e1c3fbe7-7cc9-4ee4-809d-9efe5421238a,a9eac8b0-4ec2-4a28-a308-46d9b355962f,Dépôt,150223,7214
fc12bb27-1ccc-4191-8b49-6f378e9bb33c,df176365-55c1-405a-8d95-e0f382921391,Retrait,270620,4866
5b938b6f-8bb8-4a6f-bb7a-c1a9ef345f4c,7a29986c-55af-4661-8e40-31f41cffc5b7,Retrait,140921,1167
62166c6c-6642-4e27-902a-9d59f434dca7,53ad6573-c081-4d44-bcb7-f29d322e08f1,Dépôt,010422,4664
445b65fb-e7fe-4e17-b613-55638d1bf73f,8f93df02-0f08-4af4-b2cb-0f5116f3514b,Retrait,151120,8361
935bdca7-55e4-4841-a3b0-12e0b8860010,b8c4823a-50f2-43ed-8aa6-a69de32ff1f9,Dépôt,140721,873
de3514b4-62e9-4b1a-a5aa-ab02d285cb45,f7bc1da2-8f65-454c-8bf6-5f529ccda061,Retrait,130920,7871
aadd0e17-e56f-4eba-84df-2bdb0d1692ed,2bd06609-8a05-4ffc-9405-c651627b5fce,Retrait,210423,2716
27759ad1-b04c-4df8-8569-8deae299db64,12ce404c-e1b4-49a5-a06a-1e64de8eed97,Dépôt,250421,2357
b3a35d14-bbe2-48ba-af86-effeb7896af9,04b5a765-c43a-428b-9ae0-ee0791ff8fa5,Dépôt,080323,1621
af14270e-e5db-476a-8ead-56df2f2e2c9f,bd96ad04-b00f-4e59-8c38-58a3923855d2,Retrait,021123,2345
5faa23c7-858d-4100-96e6-a74c10af08f2,5cdc3ccb-ccd7-40cc-97d3-0cfbf8cc9cb7,Dépôt,231221,2905
e6743e02-4bdf-400e-8442-05956e5c69e4,a33bc47e-215b-4c0b-8d31-345b444cfacb,Retrait,271222,8233
d3f13b65-fc66-4879-afb6-8af44bc9a74d,846fb0bc-ff36-4b4c-a3db-4f49c0c5c4f4,Dépôt,191023,3295
22567108-683b-4eec-a5f9-237f1895b781,63a12085-2bf6-44d8-86f4-595c988cceb4,Dépôt,180823,7960
1e93b432-5ca3-4eee-8521-ad30a22fbb8c,5b2ab023-9aef-4468-96cc-56d456b09be6,Dépôt,241222,4950
51ca6e3e-879c-40ca-aacc-dba418916394,fd05ed3b-55d0-4482-9a75-d7bd3ab7a975,Dépôt,130320,3749
841912ef-a1b4-4593-bbbf-aa9ab8a197dd,77b53d51-4d65-452d-b1ec-1e787a229641,Retrait,040320,2525
17a82295-8cfc-4434-bf09-dbfd4c0782eb,114a71b0-bb64-448d-939b-cad345783e7c,Retrait,161223,6026
58c01a07-8577-4465-b306-6d4a8ecf5824,2f736999-57ba-4e23-945b-d5fc8c28cf86,Retrait,020124,3520
2a7af063-e4a1-4dfc-9281-4d5cb13fd089,33f0c7cd-b089-48f1-8561-975ad8888572,Dépôt,030320,5932
ddd880b4-278d-44e5-ae75-d67224f9fc13,286247b9-7105-4ab0-8651-995c9d6533ef,Dépôt,140222,7205
3afedb4d-1c50-4a84-a536-e3e52330f9db,dbd52774-cf33-492c-b277-f0c1618c35c1,Dépôt,210320,7640
4bcd2cae-b0f3-4682-82e0-8fad29906213,b386e54f-1cb8-499c-a6d6-30c84d088904,Retrait,180720,5504
9eddb3ae-6ec1-41fd-ba03-b2ae8f1a61f9,4dd1bafc-77c4-468a-9e25-052e4dd23a14,Retrait,100520,1651
2a10ce79-e466-457a-ae07-ae984795c204,38d687d6-41a4-4f71-8be2-b40ef0186038,Retrait,021220,8479
411122a9-5a84-4ac0-93a5-2b60a08b8243,6d5694b0-671e-42ae-8c62-a35c62e22eae,Retrait,100723,8524
8ca1a3c5-09dc-4d65-baac-5a6d82abb7e7,ae711783-c70a-4801-a954-fb64913b2cf8,Retrait,020224,8375
063f2262-adf6-4b98-b8e9-aafe66e3d4ae,82ed243a-f2d4-4a99-9908-4753bbcc798f,Dépôt,100120,2112
af4af326-1edb-415b-a427-6641b2fddeb1,c0f5a516-901f-4f9c-b072-5dde90b2e659,Dépôt,021120,2282
ba457421-c63a-4058-bfd5-6e181ae56d53,e33568e7-ae75-4269-b5b1-b50ae151ccc4,Retrait,240820,7754
9dd22b48-72e2-4448-87a7-ff1ce6d0e54c,b616b2aa-f806-48cf-ac56-e503863e114c,Dépôt,240821,8607
62b0947a-d25c-4065-8f32-50151823f558,f69a829d-2e43-4720-a02f-15dc21c1e913,Retrait,200720,6718
842992a5-3d95-4ec6-97fb-a6db85a828fb,9ba869e4-aee4-451f-bfe0-7b6ea4e112b7,Dépôt,090124,4411
1014de15-8871-4dd4-8543-bc183e01e33d,f911fe01-3c60-4a5c-a90c-15a6d330c6b6,Dépôt,200222,2208
dbb172b3-1bcb-44d5-a52b-ec6c80f08f3f,fd80f373-87b3-4e90-9eb5-4fb200263c57,Retrait,120224,85
fecb8d56-fe21-40df-ac7b-7058542a361f,25839e02-194d-48da-8762-00a95f2a1303,Dépôt,100923,4213
d564d522-015e-4b64-bfe0-79f3f52390eb,eb70051c-6f8b-41d0-96d7-801fc10026eb,Retrait,131221,5738
d5fbec2e-b7cb-42b3-9770-5b63d50a67d5,8cb3028c-eaa1-4206-a6f0-12819ee35ee7,Dépôt,020621,8209
bb63ac15-5e7a-479f-ab2c-1ed3c70305af,bf520714-ecc8-49c1-965f-b50b92ec0381,Dépôt,220521,8939
349bf007-4359-44d9-8efe-c18d0dc340f9,7abeca06-7f55-4d3a-ad45-cb6816959480,Retrait,220521,5342
4c04de82-024f-4683-96f1-42f8175ab3ff,82d290bb-7a72-42de-80fc-0e807dec5f7a,Retrait,310122,1620
631162ef-f763-4310-918c-a1543495c249,7dbdab29-b14f-436b-b907-d21af2e6c9f9,Dépôt,100421,604
f18dda04-c1e0-4191-9927-94d3cc141f3d,2774e4f3-4fb7-43a5-8b30-d51f61eabc46,Retrait,281221,3429
0c67ae31-04f4-433f-a0e8-c856e2b1e2bb,1ff96651-0de8-47ee-a47e-8b968ecee311,Dépôt,031023,5722
b6a0ba06-33d1-4cca-894e-b10cdf07bbd4,01449045-5990-4eee-86ef-2481e3085ba9,Dépôt,191023,6146
e5472692-df25-45b4-9015-d2c847c8144f,443536df-dd35-4f2b-b7e1-7c3b0bea2841,Dépôt,290323,1025
a9dd63c2-ad73-43a9-9b8a-e8a374d32257,6abf2c04-5750-4da5-bfc4-22b05761ccb8,Dépôt,240923,3668
aa031768-8d35-4346-9516-ab4f02219cd1,1ee8f0f7-86c0-4eee-a9cd-559c244ad178,Dépôt,200920,5022
33bff536-8a0a-472b-8880-a2e6b9e8b364,3ab5e50e-11ac-47c2-8cae-48e502c4cd95,Dépôt,200820,9847
4ddb2a32-d801-4efe-920f-c388afcd1d61,37e315bd-74a5-4712-8c6b-152acc983182,Retrait,060920,5195
d8617217-434d-46a8-b186-a19456c4658d,4e850563-9064-4792-85c0-8ab864fd94d6,Dépôt,131221,5358
c1687fc5-5b9d-4cc1-9c98-ede176186ccd,339012b6-79ae-417b-bc0c-13b61e8554d6,Retrait,220823,2252
3b3b4c2a-5aa7-41e9-b0a7-423a350b4ba1,725c4e7b-d20a-4116-84d9-bde6ff4cf7ac,Retrait,120920,1335
0e57db5e-1c64-438b-ae84-62db296af5f8,e415ee3c-54ef-42d5-ad51-57dbfd546db5,Dépôt,121121,5625
786dd659-7d20-4528-a20a-8d3a4410404b,65f66aed-d7fd-433b-818d-5a1951783dec,Dépôt,200620,9064
e9185784-c892-4d10-833a-195368db581e,2362bafb-9743-48ba-a27d-a54a28117115,Retrait,120922,8885
73748860-7335-4c5b-b020-d7829aacc171,c4696c4f-a443-4241-bc34-4c0eedf25fea,Dépôt,190920,2903
42919cf7-83d1-49f4-99af-d0d31f93fd2f,12961f3e-dda2-45e9-b3e0-e85a2ef3eac3,Retrait,290422,8758
a18b055b-8bbc-47b8-bc0e-71c9994dbac4,6adde868-f0ee-4ba4-a4d7-a371da015184,Retrait,180920,5393
4c8ba314-98f0-4929-be60-81c56018797a,f2c61dcc-e075-4a41-9505-52f2fa0d1a89,Dépôt,300920,5622
e7cd597a-4429-4085-8604-072ae61d5d5a,b051d0a2-23a9-4fbc-8368-cf677d0bc981,Retrait,110620,1237
a8a3a0b1-5346-48c5-8563-72c7422c81e5,3cda1c32-1fc0-4270-948a-0b89a0a88aec,Dépôt,261122,4629
cb7d2c53-9ffb-434c-aa1f-bb8bb5bf7bd7,af301f65-4c97-4b82-9370-2f6b516c8524,Dépôt,230823,8094
71b1d3be-e16b-47c1-a875-af49795a3d43,4d08b218-301b-4f3d-b60f-2bb88edccb92,Retrait,091021,2914
9a41b976-a549-47f7-8ef0-6a839646e467,41fb0f95-1909-4c04-b8ab-c3de3726d000,Retrait,141123,515
3b794ec5-15d1-4a92-9af1-05d2d680fd95,ce2dba14-319b-49e8-a2c6-7ebec52bb855,Retrait,150123,3469
08bb9758-275a-4402-8aa3-9b0e19e06bcb,0fc6e323-330b-464e-8fa9-fcba5a12d7e2,Dépôt,090423,2728
bb306d06-f659-4f9e-84f1-079b696af723,c8c96999-151c-4ecd-90d0-84e6279ec367,Dépôt,051120,8985
f90e59db-9571-451f-8170-a9760689e96b,f384b46d-029b-4a40-ace5-c62dd8eccef1,Dépôt,230421,6490
746f88e1-2933-4da9-a569-24996ed718b8,3743e5a3-a27d-492f-b520-d12a0857b140,Retrait,260122,281
1555e381-ddd8-4233-a7f0-5aaeea470d55,3c65a9cd-e0a7-4100-a618-031db3a56efd,Dépôt,221022,1326
ac7659ab-28bb-4ef7-a099-001be55c7b63,518e4d5a-fc92-4593-98fe-4486f3f665bd,Dépôt,071221,1545
2e20a069-94d8-4357-b4b5-dc4f76c98142,0038a17c-8ac5-4d82-bc08-300f3e740677,Retrait,170623,8223
f6d67fe2-a564-4fdf-b0c0-9841abc00fd9,88ab5824-7705-47bd-a32a-73a5054a73a4,Dépôt,310823,2202
62f23754-e300-4a40-8e71-0d2bf811de99,3f2ed761-57ff-46aa-a3c6-eb48d5897232,Dépôt,080721,3244
3162f5cc-1b9a-4da7-95fb-e4ac77827ccd,8c79a852-24f5-4194-8760-9435b5a1e33f,Retrait,310521,9752
8237b1c5-02f0-460d-9180-28d16cbcd87d,1b4458d0-c8c0-4c48-8e1d-e9792e835839,Retrait,030921,7395
e9833506-f8ca-44ef-a577-63df94ab8961,536d1aa9-1833-4b25-a103-9e9b25858a2a,Dépôt,231022,1861
d669226d-0076-4a58-8ca6-155d8251f1b5,53395049-ae87-45f9-90ae-eac790e13c3a,Dépôt,120120,9258
b2c6f706-8212-41a3-b20f-6ba77be3e72e,de0bead0-8237-4fb8-8393-c17f660c2299,Dépôt,120120,9354
8e62e6b9-dc45-4e1b-aa98-dd574233bb75,df3f68cc-5b84-4aa8-a70b-5f0795151499,Dépôt,130223,6991
39f4a677-d8f6-415a-8fa1-f51554727e58,be5945b1-947b-4101-98f3-b8b660c6a816,Dépôt,230422,3300
bb9e590d-aa02-4ea8-9ddf-f2817f282ba1,d3da0cb5-73af-4a4f-bb57-75972b3870b0,Dépôt,250920,7119
4d38bbc0-6f33-401f-b36a-5a0ec2023484,f892d8a3-a4d0-4b50-a178-82dd9c145c0a,Dépôt,190522,7866
23cbfc21-2144-44fe-b4c6-733f1e7aba01,5da51ccb-ff61-4dcc-b141-5e6907261d24,Retrait,130323,1478
c144713e-820e-4d3a-b90b-117324e8932f,7f619eac-9413-43f4-949b-660358ffb847,Retrait,290421,65
d4ca76bb-167b-4825-a640-e02758b2e7fa,00596d47-ea0e-46ff-a060-0cbabcc54e90,Retrait,190720,6957
7a0b0ab3-6bf2-4cfc-a2b6-32b144932eaf,0bd3d374-de2c-4101-893c-637871ae9ef8,Dépôt,141121,6586
560498d5-8c50-4d70-a823-99328ae7d0f7,aa6fd44a-3c3a-4ba1-92c3-a3b7162a1bf2,Retrait,290620,7219
48b1ac81-8851-4fc0-bbe8-88231778cad4,8a2c193d-2efe-4a34-843c-4c0d90c097bc,Dépôt,140120,2116
f0dae3c3-4ebc-4ba2-a0d2-6e1ac5c91fe6,7d6aad75-d974-4a9a-ad41-b38af04b0bf3,Dépôt,040622,2150
a7a073f9-5bbc-4aa1-9ec5-e9c146602573,28757914-4a56-415a-9dd7-bfb98dd394ef,Dépôt,050221,9430
0467b289-07c1-4b86-b1e4-4cac608b2630,d3b63a4b-df3e-4f76-b926-33b341ad5c65,Retrait,150122,5255
a0b03899-ca8b-44f2-bf76-672c29eca42c,e7c067fc-1829-4e7b-8976-cdf8c7ff4e47,Dépôt,100820,6706
b1a1f5d7-926a-4455-a423-738c634fe9a1,ce808b43-012d-4e85-91fd-f559e20920cc,Retrait,290522,9483
64f76c6f-49f1-4a10-83af-2c7a3a24fbf8,0e65135f-983b-4a34-b511-abb24fc96f1e,Dépôt,300523,8228
d3223dd0-92e1-4d1c-87c5-48734ce7d372,1f575c5b-004d-4d93-bcea-8c0242cdc4a2,Dépôt,300921,5155
8cc43038-e7c4-422c-9c44-11e742620562,f8212995-b956-4cbb-87d2-a49a33f223e6,Retrait,090223,7167
a00c5265-a832-4aba-9f47-861870c2a3f1,ed6d512f-8c53-425f-bafd-48728cd39fd3,Retrait,270222,8983
76d82995-a08c-46ef-861c-eea4d8e82943,45de1ee0-2c78-4627-85da-979bad28ba7a,Retrait,280220,2630
a6be8650-804e-4196-a223-43b7cf804167,99a3f25c-804f-4fd1-bc8a-1f344a259462,Dépôt,260922,6621
580f3b0a-5c5a-4227-b243-0811cde1a1bc,3c482914-0e12-4a29-afbc-0f20c56eeb49,Dépôt,211221,9160
08f55bb6-7f3a-4442-b396-8bfce968caac,86c4192b-f63f-4bf5-a6a9-816ccf6afad6,Dépôt,040224,2876
c059fca8-ee12-4076-a1f2-048b2af22e77,d85c3b13-5855-486e-b24d-14d1e205f96c,Retrait,020122,322
89bda9b5-e282-4975-9abb-0aabbb52109a,13844f1e-a3c6-40f7-8c06-c4d192d97d05,Retrait,150822,3284
582c9677-9df6-48dc-975b-d4f821490134,159573ba-6efe-4f9f-b89c-ef7b59bb0b3b,Retrait,130520,629
dc2c90fd-f9a8-43cc-a149-d889d939c6a1,ff5f2036-2512-4b6c-aac3-2c6dccbec944,Dépôt,051120,6444
3795293f-05d7-41fb-ad08-8c10a645eb82,0c2be6e2-b76a-4364-b398-35cd980beb19,Dépôt,191022,3038
b12fc2fd-8bd1-4d7f-af85-843167645365,071e8ac9-0354-4539-b317-38ce848455bd,Dépôt,210123,4365
1a9f0a96-b2b2-4d97-9846-dd73a73602a1,8e9911cf-533b-47c8-a7b1-6db9216ad4a1,Dépôt,061020,1504
dc228e8c-9d77-4c0b-91f5-67b5b54b94bb,6a6a3509-f877-4740-9d35-d928d773099e,Dépôt,260322,3370
eed9c4fa-fbe6-4853-959c-acb8fc74ca5f,533da412-ca62-4409-a089-28600b8a9c31,Dépôt,080223,2175
19fb1381-1449-488a-bf18-b2eea61f1e71,13e28c6f-fede-4d14-9eec-0c3f8601f606,Dépôt,120721,6681
7b40d4b9-01b7-4688-b2d2-aea635e3a185,0c3ac8df-d43c-4a42-9bf6-270431089cf5,Retrait,210720,821
f55c2228-7700-4795-97c4-5ef4fb13973e,1d3fb74d-a83b-49b6-a6f2-7512c754eed7,Retrait,180920,1907
30ebd631-1a89-4b80-85d3-e529c8ea7c7d,92c616c2-333f-4d41-b384-070501cc4c3b,Dépôt,100523,9783
7d5e9b04-abf6-4c2a-af9a-db5eb18f9033,63eda792-98ea-42e9-b1bf-fd87e815cfe9,Retrait,200620,2229
eab95acd-68e1-4bc6-a7c0-d8c680e2c5b8,aa16da65-429f-4793-8d77-4fe3df7501f4,Dépôt,050922,1571
6189568b-6a3c-499c-a882-c6383aa8904a,20b0ae47-adb3-4975-8207-cdcc10b31aee,Retrait,130823,5079
3a2a582b-4eab-4b9e-86cb-50bfeba2f958,5103ac61-0e5c-40f6-950e-93a0cad5514f,Dépôt,051023,2522
bf158fb2-5119-4731-9260-809b5b4c10be,d76d0efe-ccb8-4cb8-9e5c-7234d8a5924d,Dépôt,180122,1593
5dbf349a-85ca-4cd6-af36-44a00b652d00,a31f23e5-0240-446e-88b6-4d23001f12fe,Dépôt,020421,3151
fc526b95-494d-424a-b248-9bd71f34ed97,d624e178-fab5-476d-a8d6-02a398a570e7,Dépôt,300321,654
d99a265b-7d5e-477c-92e6-35efd9cd8bc5,649e675a-a246-4b71-98e9-a0c062a3138e,Retrait,080322,8438
015ae01b-ca35-40fe-b855-561b44d1dd9b,5f8434c9-1076-465e-9c6f-80e78a662c98,Retrait,031220,4674
b4fad42e-cfe4-4eda-a701-a16ec061cc6f,de14796a-eb4a-4b94-98c9-f6e11acb975a,Retrait,110622,6896
247b58a3-14a5-4e2f-950a-955372df59e5,df8651df-b155-45d0-8114-46473cfacd68,Dépôt,220521,2549
575e2369-4968-4188-9954-cdf6164e6630,a616b593-b9ba-4f67-9e45-e71651598331,Dépôt,051120,7147
05818114-bb99-4ae9-885d-2b155a3a5534,13822d5a-4801-40b8-82dd-a35958b5b5a1,Dépôt,040220,6317
8f2070d1-d7dd-4aeb-9e0c-858c841d1757,f3fa4db1-7f8b-4d0f-8416-9556aec0bd03,Retrait,260121,6338
8ee07e9b-2208-47b6-957c-2865345609e6,c3767cce-444d-4724-a932-b9839d9c4e84,Retrait,140922,5073
133d5d11-3786-4184-8536-867f60ae3b6f,d432a867-4402-4f82-ad89-568cc143bc68,Retrait,200922,3072
7e497d22-7844-495a-b175-8cea41f983a6,00c19c1b-52c1-4289-aebe-fa586f193d1f,Dépôt,301222,2936
c64c1846-6c4c-43ec-85f6-611214256f70,37d9f779-a260-458b-9944-125df7f54625,Retrait,300622,2751
be88ceaf-4b01-4618-86c8-1f446f43a40e,825f5637-53c4-4efc-ac47-260e9e5ab507,Dépôt,160722,6196
f870480a-77b4-4f03-a1ab-8eae1070756b,8264f193-bb70-46b4-9f0d-2e4c039e3c8f,Dépôt,291023,5314
edb87a87-9643-4f50-9915-6aea59709a5c,f37dfb6b-1afa-4a91-9c13-6cd0ca39eaea,Retrait,010520,7183
eef7c239-bea8-43fe-8f32-03d3ed8f1ecc,8620fcbe-d8b4-48f7-83f1-da18cdc14721,Dépôt,100222,8163
b1e34a11-7365-43d8-a00b-631f2e55c779,28ec7d13-5c5d-4e10-81a3-4795781a5a5a,Retrait,220621,2138
ccd40e75-62c0-4c74-b6ed-4ce828dea3dc,a20eed07-14f6-4ebc-8a91-9be10ccb6504,Retrait,061023,9820
bad8e4f4-5e58-4c5f-87e2-135bcefd7a4e,c67b5ec8-710b-4874-8479-e8d8b468fbb0,Dépôt,311022,1455
83207fc9-245c-415c-ba46-eea6f888eca7,b3da6348-b564-4d1c-92a5-1ddfe3b9a208,Retrait,190124,9982
ad8fc259-9310-4520-82d1-770fe2a4d209,788fc92f-ccfe-43de-bfa4-514e38901210,Dépôt,200124,8113
854babdd-b90a-4412-a325-42ef08ea3770,ced4b564-a658-4377-b545-0be149524c93,Dépôt,270221,2334
8953da57-abac-4225-ae42-3c6afa95ab9c,f389e514-4aba-4dc6-a9c6-9eaec5f6ac34,Retrait,141123,9406
3ad2b9fe-0008-4ce4-9e3d-5049c949f184,7af32f2b-344a-4529-a2e6-9897ea3200ff,Dépôt,280420,5708
e7cd5058-d503-4cef-854e-bbae99e8b152,1f184316-7302-4aab-8f27-248474bbcf4e,Retrait,221222,4381
b0454549-5767-4711-ad51-9de70ec1ffb2,f0df4e94-1d3b-4190-92f3-8dd80b8624ef,Retrait,100722,9217
63e4a407-ccda-484e-9bb9-eb3a66a509ea,ba9d0e06-f855-4cf9-86c1-1f29a9de3f53,Dépôt,151120,57
aaaa3130-21b6-40f3-81a4-4f28e1cb55c2,7d7d8450-395c-4164-b648-d5b6b06f1cfa,Dépôt,280420,9824
c24269e4-4663-43e0-b8b2-902cd84b184d,4b09199d-6991-4592-8612-d3196afd1ebf,Retrait,060922,4963
b29389ba-19cb-407b-bede-26a080ec6b5b,f2656ca5-b3f1-4185-8058-d1d2e8e2951b,Retrait,130323,2853
c2d9718d-540c-44e2-8bca-6e63dacd91cc,c26abc75-8a06-4c7e-9d8c-f4b0a400e2dd,Dépôt,040820,5687
b5b63d34-4ba6-4328-9d07-c468d6186184,0e2e4239-2bf7-4a6f-8b49-28dd95692830,Retrait,110520,3907
7e3dcec6-5de5-4af9-9a0a-65ca4023f7f9,e8b8b27d-54f2-415f-ab0e-0482ba0609bb,Dépôt,080321,7590
76ee3b46-1caf-4c0f-a83b-67d33698920a,fc6b0fb9-2e58-4007-bb13-8a0a3b3f4bcf,Retrait,290620,6092
f1227ccf-f4be-4694-a59a-847bfa833e31,92d2631b-5162-4cd6-9757-57b0b4cad2dd,Retrait,140321,909
67244611-832a-4479-b437-3dc1e2eeacb6,12bdc000-8279-4b10-8050-aed3373ce0a2,Dépôt,041122,942
08def1f4-adbc-4452-b509-b32111a00880,6079b3e0-452d-4ec8-b1e6-b72ff961904f,Dépôt,030322,9517
7a2f0118-07fe-4e0b-a67d-d1e7dff3e01f,1ffbbb43-c0ce-4f5a-a64b-1bba0fbbbf50,Retrait,120823,8292
761ba53a-36c5-443e-b3e6-4597eebef617,db4c2d00-a7db-477e-a017-449f54b35a74,Retrait,300423,9788
29cdf688-b024-4f46-b9e6-ae7c49ce6742,3e853015-94d4-4ae5-91ce-bf365e0ebf44,Retrait,171121,5578
f0a298ef-4472-4b30-b67e-94c740189017,89d96d4e-d04a-49f3-82c3-3f6e0da2579c,Dépôt,191222,8991
3252dc83-0728-4bf3-a741-e90a5e74f857,8bb59bd2-165a-4081-8977-0dd8d1ace140,Retrait,120322,3783
1576094b-3376-48b0-bc51-f17274b920fa,be853693-ce59-455a-bfce-e1cfaeb74b19,Dépôt,160122,4764
08506e1d-4150-4d0e-b5ab-40ef99c65e1b,921d883e-68f2-4d0b-9fb7-47ac83af8d3f,Dépôt,310723,797
4729adda-8444-4b3f-99ab-02e90e275998,3ec4e756-f95f-4189-bf5b-742504144d5e,Dépôt,091023,7409
8a4a9586-b7e2-473a-8ca3-100b87eaac79,826e8023-b479-48d5-ab57-8ce6eb6fc7bc,Dépôt,210820,2809
a9db791b-e10f-4483-9cda-6f65f46c6d41,fc8f4c67-8c54-4792-a071-1c8d74063615,Retrait,271220,915
3f9ade11-b16f-402a-863b-43aeee61feb9,aca53972-6221-4569-8b29-4b7241a41fdd,Dépôt,240920,8882
e1e89a11-364b-4ef9-9635-760ba0f3bd5b,96048826-b02f-4cee-a810-cda977d97c7c,Dépôt,110222,4035
d92a2cfe-992a-4513-ae48-ad5861c74e3f,dec0fa95-7dc9-4acd-b8be-a8ec306f156c,Retrait,020723,7202
d1c3ed1c-05cf-4acc-a714-df98e92ef425,33eba607-0fbe-498b-bc17-fdf8fe2a3daf,Retrait,161123,7503
3d7a12d5-2b48-45b7-91d8-e9e4dfe4c5d7,d36a55b5-5da0-4a70-8b67-3620c9dd21c5,Retrait,020224,7152
a2fc79bc-2911-44b5-be59-5dbd3cb3a61f,5ad305de-792e-4ec9-a97e-4c84549ab96d,Retrait,060620,2533
d2ff64d9-a02b-46dd-bae6-a78989ed179d,8312e4e5-62f9-4244-b9ab-4ada4a48d917,Dépôt,081220,1935
c826fc66-f49e-40e7-87b1-43922ca2dd12,1419df33-3280-4a11-a9da-be2f66abb664,Retrait,030323,6432
ceea1598-1ba6-40e7-9688-21548b79fb89,116f9f48-a730-4f20-ae8b-c144c6d89f3b,Dépôt,070522,7597
75e32eb4-11d9-48a4-bbc3-2ec223e6a017,09c6180f-5917-4030-8f52-fcf396ddfe0e,Dépôt,120421,4911
131f08c1-e500-438d-8ab9-fb981d35a2d6,b06fd1eb-6641-4cec-948e-68d7f4ad9d2e,Dépôt,220820,950
d5261496-458f-4e60-a720-ea5b37c64722,1d4dc290-d23f-46c3-8b3d-b7ea17c5d5f0,Retrait,090322,4029
521a875e-f4fb-4d45-a565-455ab232764f,41a92859-83a4-4d73-9a53-d92312683f0d,Retrait,200921,9296
6259fecf-69a3-4a4e-b96c-2871e3a176ec,37966c44-afe4-4b90-8792-c9ca234ffcd8,Retrait,040121,4441
b9de601a-d3cd-4df8-a358-0fabed6f7028,bb323098-274f-48a4-aa81-a47ac70be641,Dépôt,091122,406
5eb54c2b-23eb-4a77-b513-41e98c42ca5e,b41950c2-721c-42c4-acf4-d67016948543,Dépôt,281220,980
17e4b49c-7012-4861-9ee6-73949b113339,f83fa01d-b648-44bd-918b-6a69cdf9b86a,Dépôt,261221,7566
ccf39a67-5146-4c56-91ad-f646cbd79f89,eb14db57-cd02-4458-b9fe-5b3cdccac1ea,Dépôt,150922,2590
e9c38cf5-64ef-47f3-9862-77d577515d42,7d504f6b-50cd-4b7d-a065-613ff55da0fa,Dépôt,250124,1539
6c71a693-ee60-4251-9c2c-5b7fd87a11fe,d5f57619-d12a-4a6f-a1bc-357726147ba0,Retrait,280120,3546
17b88d9f-d8e2-48c9-b6e9-e85cab760cce,88be8711-5ef7-4fbd-8a67-b24bfa8c5caf,Retrait,140922,2084
97543b88-8a4e-49e0-b170-3c70eb9ae19a,2a6f8a2e-9a7f-4ed9-bba1-6c0ca7598415,Retrait,220221,8562
efb401c2-437c-41a0-8b5e-5464db26ec1c,b2761360-b876-4b8c-8c70-3e15fd6246bf,Dépôt,280320,5998
7508bdc9-92a6-4e42-bd5a-09a839138345,9f18e384-6e79-403d-a7d4-354db6beae75,Dépôt,120720,4397
71484f43-68fb-437f-8cab-1b43eada6c86,4064ee1c-b50b-476f-bfd1-960c65ebef39,Dépôt,291222,4772
2793f1c5-8058-4cfd-971d-39d3d4a00b3b,acfe1bf8-62ac-44b4-863b-f7a44a4b0538,Retrait,120223,993
b8c3f48f-900c-44ba-8198-9ca0b017f7c8,713d7a39-972b-40f6-9b29-3233f1259fe8,Retrait,310124,5260
511b3648-f01b-420e-9ce4-21bceb137c7c,943c0c4c-789e-4264-aa35-1fad2780923a,Retrait,190321,5124
ed1b2696-171a-4a51-99c4-0795f4c6cd80,f2762c2c-f9cc-4a86-8a12-bd2ec914316e,Dépôt,280321,2884
c69313cf-1410-45bf-8123-25fe329edc14,2a375e68-4b13-426d-8e27-43e8fb613887,Retrait,100523,8657
61d6ce75-901e-43a9-ba95-bb89a90bd186,7309de39-f095-4777-8e37-f426ff8ccd09,Dépôt,040322,600
c4cb3edc-95dd-48e6-9308-6644ff776194,cae5b66d-e5cc-47e1-9eea-399eb261117c,Dépôt,310124,3178
386dfff5-9112-4366-b094-b5dc2451c4c8,2cb085ef-dc78-4cc8-88e4-75abf6d1a403,Retrait,271022,9238
d4c65875-9c03-49d0-9516-88996e523332,a86c8cce-d144-4653-a273-2596fb810d67,Retrait,291020,6851
6052ef19-4676-4ec2-af5e-2ff45ab8169f,a8df23ab-f54d-4365-802d-5c4f0ebacad4,Dépôt,160921,5199
7e37b007-309b-489b-b1fa-fc2225df236e,e13cd070-fd48-45a9-b9d5-913f3347d1d2,Dépôt,040320,4904
3e2b826d-708a-4d7e-bcad-6dac38c1bde8,6b1bb493-8468-4990-8359-8be76ae77671,Retrait,130823,1434
e8908957-87db-49ab-8254-b7f67d7f86ed,e0653d2b-ffd8-4a51-a1b9-6b1188250280,Retrait,260721,6303
d699c577-d281-4fdb-8b41-917229323da6,22bc2b3a-e118-4df9-9f4f-9ee47ea43b67,Retrait,280320,5270
4f2576ae-dd38-4f6b-9910-63ed1e43a54e,8382fa4d-9162-4412-8ece-7449ddbdf18a,Dépôt,100323,6704
b5cef55f-9e20-4a16-9b4a-99fab149d5b7,2c3cab75-fcdb-414c-9498-a1ae37574981,Dépôt,130323,9596
0f49987e-c7fa-4506-94b3-fc94c9012afc,9308da30-c579-4d24-9100-7eb00a4e7468,Retrait,180821,1734
e51574cd-e9db-4d5e-b884-7472f9a7e9e6,d3236603-e1f9-41fc-bba9-ccbcda3fbb64,Retrait,150423,4874
49072a3c-73ce-4859-8cff-18991a617600,065e7307-4fc7-4df1-a748-6ee2aed62b73,Dépôt,251120,5052
e8076587-db1c-44a9-8e7c-04a4bd5ea85f,e2252766-54e8-4ed1-b103-4dce72ef1c0f,Dépôt,270921,9888
92b945f8-5d77-4259-8126-56d8a7da26df,ca270e1b-8f11-4e8d-a254-085d2c9069c1,Dépôt,280121,396
6cc06bfd-2276-4ec5-b85c-86a9e8911b60,3de64866-e98f-4c63-99ad-288f54187949,Dépôt,150821,2359
a1c9f4fd-696e-4085-968b-db51dd1fdcaa,6829e0f8-a203-42af-bb5f-2f95fbe00e4e,Retrait,190620,3908
ed2a1c6e-0a53-4e6d-93f1-e679d83d4e27,8ec5be09-4b37-44d5-9a1b-d2ce6a2fa4cd,Retrait,240322,7588
0020f4d3-37df-4a03-a115-65d3ea400b13,f870e2f3-703d-41af-9cc3-a83adf11fc9a,Retrait,161123,1255
a892d895-633c-4f61-8a11-83a5cdfee0c4,db32080a-ce31-4899-9304-4934ad875e2b,Dépôt,270720,8233
4ade6639-68be-4902-9aa7-6a8290e140f4,e8ddfbcc-c5aa-4f60-b532-c1b110adb854,Retrait,191121,590
2c400963-c98e-4ab8-b66a-1acdf4f7de25,545f81f0-124b-49e6-9ffa-373ce464ede2,Dépôt,110720,8800
a6a3ac0c-a0e8-4308-9fe5-c4008529c99c,11510d4f-c23a-48de-b7fc-ce8e1dc209d0,Dépôt,080122,4322
f82382e6-4d46-4b6d-82cf-eed0c52d7212,68c47efa-68da-47c4-848b-8bb9356f0241,Dépôt,140920,3355
3396bc79-24fe-4cae-b332-ceef1c71002a,45989698-aeb7-4e53-aac7-5b891b1a237f,Retrait,220422,5134
bcf300ff-bb30-4bdc-8b37-f4bfa1048633,4b63b966-585f-48e3-b45e-1d481d0ca02a,Retrait,210820,1754
ebdf56c3-2235-4f10-b3aa-5b79e508eb02,24b01406-b18a-4853-b7c0-b4c536d490c9,Retrait,150922,5378
ed2a4a35-e83e-4cbf-ad8a-5625cc6ef9c3,7eb0afe7-0b45-4faa-bb26-2bfe26442e69,Retrait,161021,9878
87de954d-83af-42a6-8b5e-1afeeb621423,e8623cc6-bcb8-4e32-ae5a-30396ca1db2d,Dépôt,240922,6331
2cf90c1e-616d-45dc-8e34-4af1e1408875,5f05f3db-95fa-464d-999c-597417498358,Retrait,010522,5982
42643535-1026-433f-aa5f-a9fbdf8750e8,11257ae9-8f37-4677-85c2-20821c87eb0d,Dépôt,051023,5961
c6c7317e-3d55-42d5-937e-9fce0868e458,38b52824-e2c4-4f7d-a276-ec0b7d508f70,Retrait,070723,7466
240d39dc-f944-4693-83f8-c478d19f6206,e686f243-7225-42a1-88af-3bed17ea91b5,Dépôt,150821,2930
6e71421b-edb3-4e79-9444-68ff3b7f0c29,d9e21474-67e1-4874-8a1b-02e3a49762d1,Dépôt,050822,197
114ff09f-b324-4999-b591-6a41db561419,b0027bfd-fe8a-4732-9772-6d556b5fbe47,Retrait,241021,2434
b23dd5e1-9e5f-4440-80be-b0e7535dde77,b485b583-63a2-4df6-ae8b-df0d8f4f50f9,Dépôt,291120,1165
386c206a-b28e-4a75-ba60-5050ffe1c176,7e57be47-2f32-497d-9ca1-ec3087b2d63a,Dépôt,130923,6998
3469a065-d4be-4075-803d-1d7f0de53ed4,e934f42c-b1bd-4036-81df-d5f43b01a169,Dépôt,240721,5245
c6297c8c-17aa-400e-a072-6a73344ffe6b,d60e9dcf-c709-4059-9355-5e540f2a295c,Dépôt,280923,9535
c89d625b-de9e-4439-9b4b-12943e7427dd,23a41d15-c70e-42e1-8702-f4d23e648a36,Dépôt,181221,8907
b79e79aa-8078-4593-9e14-991958e807c0,2d45408b-a392-4be1-ba4d-16a79b25354f,Dépôt,300323,6683
